-- phpMyAdmin SQL Dump
-- version 4.9.0.1
-- https://www.phpmyadmin.net/
--
-- Servidor: 127.0.0.1
-- Tiempo de generación: 21-03-2020 a las 20:01:56
-- Versión del servidor: 10.4.6-MariaDB
-- Versión de PHP: 7.3.9

SET SQL_MODE = "NO_AUTO_VALUE_ON_ZERO";
SET AUTOCOMMIT = 0;
START TRANSACTION;
SET time_zone = "+00:00";


/*!40101 SET @OLD_CHARACTER_SET_CLIENT=@@CHARACTER_SET_CLIENT */;
/*!40101 SET @OLD_CHARACTER_SET_RESULTS=@@CHARACTER_SET_RESULTS */;
/*!40101 SET @OLD_COLLATION_CONNECTION=@@COLLATION_CONNECTION */;
/*!40101 SET NAMES utf8mb4 */;

--
-- Base de datos: `itacademyproject`
--
--
-- Volcado de datos para la tabla `status_exercise`
--

INSERT INTO `status_exercise` (`id`, `name`) VALUES
(1, 'NONE'),
(2, 'TURNED IN'),
(3, 'RECEIVED - PENDING OF REVISION'),
(4, 'CHECKED - PENDING OF DISCUSSION'),
(5, 'FINISHED');

--
-- Volcado de datos para la tabla `seat`
--

INSERT INTO `seat` (`id`, `class_room`, `col_number`, `row_number`) VALUES
(1, 1, 3, 1),
(2, 1, 4, 1),
(3, 1, 5, 1),
(4, 1, 6, 1),
(5, 1, 7, 1),
(6, 1, 8, 1),
(7, 1, 9, 1),
(8, 1, 10, 1),
(9, 1, 15, 1),
(10, 1, 16, 1),
(11, 1, 17, 1),
(12, 1, 18, 1),
(13, 1, 20, 1),
(14, 1, 21, 1),
(15, 1, 3, 2),
(16, 1, 4, 2),
(17, 1, 5, 2),
(18, 1, 6, 2),
(19, 1, 7, 2),
(20, 1, 9, 2),
(21, 1, 10, 2),
(22, 1, 12, 2),
(23, 1, 13, 2),
(24, 1, 15, 2),
(25, 1, 16, 2),
(26, 1, 17, 2),
(27, 1, 18, 2),
(28, 1, 20, 2),
(29, 1, 21, 2),
(30, 1, 1, 3),
(31, 1, 2, 3),
(32, 1, 3, 3),
(33, 1, 4, 3),
(34, 1, 5, 3),
(35, 1, 6, 3),
(36, 1, 7, 3),
(37, 1, 8, 3),
(38, 1, 9, 3),
(39, 1, 10, 3),
(40, 1, 12, 3),
(41, 1, 13, 3),
(42, 1, 15, 3),
(43, 1, 16, 3),
(44, 1, 17, 3),
(45, 1, 18, 3),
(46, 1, 20, 3),
(47, 1, 21, 3),
(48, 1, 1, 4),
(49, 1, 2, 4),
(50, 1, 3, 4),
(51, 1, 4, 4),
(52, 1, 5, 4),
(53, 1, 7, 4),
(54, 1, 8, 4),
(55, 1, 9, 4),
(56, 1, 10, 4),
(57, 1, 20, 4),
(58, 1, 21, 4);


--
-- Volcado de datos para la tabla `hibernate_sequence`
--

INSERT INTO `hibernate_sequence` (`next_val`) VALUES
(1);

--
-- Volcado de datos para la tabla `itinerary`
--

INSERT INTO `itinerary` (`id`, `name`) VALUES
(1, 'COMMON-BLOCK'),
(2, 'FRONT-END'),
(3, 'BACK-END - JAVA'),
(4, 'BACK-END - .NET');

--
-- Volcado de datos para la tabla `exercise`
--

INSERT INTO `exercise` (`id`, `name`, `itinerary_id`) VALUES
(1, 'Repository Github', 1),
(2, 'Duració bloc comú (dies)', 1),
(3, 'CHECK GIT', 1),
(4, 'BLOC COMÚ', 1),
(5, 'github', 1),
(6, 'ex bbdd modelatge', 1),
(7, 'ex bbdd usFlights', 1),
(8, 'UML', 1),
(9, 'UML 2', 1),
(10, 'Examen bbdd', 1),
(11, 'Examen Contingut general', 1),
(12, 'Lletres repetides', 1),
(13, 'Exercici Vehicles', 1),
(14, 'Exercici coets', 1),
(15, 'Repository Github', 2),
(16, 'Diseny de funcionalitats', 2),
(17, 'Projecte Fase 1-2 (html-css)', 2),
(18, 'Projecte Fase 2 (funcionalitats)', 2),
(19, 'Projecte Fase 3 (pàgina principal)', 2),
(20, 'Projecte Fase 4 (Bootstrap)', 2),
(21, 'Javascript Basico', 2),
(22, 'Javascript Lletres', 2),
(23, 'Projecte Fase 5 (Validacions)', 2),
(24, 'Rating', 2),
(25, 'Vehicles', 2),
(26, 'Examen JavaScript', 2),
(27, 'Rockets TypeScript', 2),
(28, 'JQuery+Ajax (Ajax REST API)', 2),
(29, 'Repository Github', 3),
(30, 'Variables', 3),
(31, 'Lletres repetides', 3),
(32, 'Ciutats', 3),
(33, 'Restaurants', 3),
(34, 'Exercici Vehicles', 3),
(35, 'Exercici Videos', 3),
(36, 'Exercici coets', 3),
(37, 'Polimorfismo', 3),
(38, 'exFlowers (pair)', 3),
(39, 'cuadres shop', 3),
(40, 'DAUS', 3),
(41, 'TICDER ', 3),
(42, 'TAXI', 3),
(43, 'Repository Github', 4),
(44, 'Lletres repetides', 4),
(45, 'Ejercicio\nVariables', 4),
(46, 'Ejercicio\nCiudades', 4),
(47, 'Ejercicio\nRestaurantes', 4),
(48, '', 4);

--
-- Volcado de datos para la tabla `users`
--

INSERT INTO `users` (`subclass`, `id`, `birthdate`, `email`, `enabled`, `first_name`, `gender`, `last_login`, `last_name`, `password`, `portrait`, `role`, `seat_id`) VALUES
('student', '030027e8-3bd2-431d-b57b-2f3b60aed01b', '19781227', 'email.student33@gmail.com', b'0', 'XAVIER', 'M', NULL, 'MARGALEF RIESTRA', NULL, NULL,1, 55),
('student', '095befbd-63d6-4a64-af4f-4bde94ebe030', '19781227', 'email.student29@gmail.com', b'0', 'DANIEL', 'M', NULL, 'BELLINI', NULL, NULL,1, 38),
('student', '0e21edc3-eea0-43b4-90fa-eb29211f2b79', '19781227', 'email.student18@gmail.com', b'0', 'PEDRO', 'M', NULL, 'CORTÉS NIEVES', NULL, NULL,1, 51),
('student', '0f09d7aa-be83-4afd-8e40-0c717bc72a12', '19781227', 'email.student25@gmail.com', b'0', 'MAYA', 'F', NULL, 'FERNANDEZ SUNYER', NULL, NULL,1, 20),
('teacher', '0fbe5084-5482-4b62-a16d-c1b15c4b5d0d', '19781227', '', b'1', 'Jake', 'M', NULL, 'Patrulla', '$2a$10$fel0iaotsRj6neyUjnGYa..4x2S2UU8FUkUSh/IWJziiSxK7mD42i', '',2, NULL),
('admin', '14b1cc57-1bc4-434f-bdd9-7278d52848ed', '19781227', '', b'1', 'Martí', 'M', NULL, 'Rodríguez Mestre', '$2a$10$mE8GwpYtEU0GCURIyjc9gu/xtWNe40hRyfOqDU127C.Z3uKpW3dPu', '',3, NULL),
('student', '1570b631-9a20-4f3d-8491-9cb61bbb3b3c', '19791227', 'email.student46@gmail.com', b'0', 'ANA VIRGINIA', 'F', NULL, 'CAMPO LEMUS', NULL, NULL,1, 27),
('student', '16f45c6e-4049-4a52-85ae-b5714e5f5bb8', '19791227', 'email.student38@gmail.com', b'0', 'SERGI', 'M', NULL, 'BENEJAM MINGORANCE', NULL, NULL,1, 41),
('student', '188a6161-be3b-463e-ab33-230d821eb71e', '19791227', 'email.student20@gmail.com', b'0', 'MIQUEL', 'M', NULL, 'MATALLANES BECERRA', NULL, NULL,1, 5),
('student', '196ea5ba-67cb-4187-813e-1af1b59f0cd1', '19791227', 'email.student31@gmail.com', b'0', 'RODRIGO IGNACIO', 'M', NULL, 'CEVAS MUÑOZ', NULL, NULL,1, 53),
('student', '1cdbe0ea-3847-4572-a32c-8871525eecd4', '19791227', 'email.student6@gmail.com', b'0', 'JAVIER', 'M', NULL, 'CALVO RAMIREZ', NULL, NULL,1, 2),
('student', '25fdae9c-b55e-4e2a-b48a-f3033a3ff94c', '19791227', 'email.student51@gmail.com', b'0', 'EVANDRO', 'M', NULL, 'PEREIRA', NULL, NULL,1, 13),
('student', '29822fe4-4a1f-4d59-841f-9b3e387780e6', '19791227', 'email.student53@gmail.com', b'0', 'RAUL', 'M', NULL, 'MAGDALENA CATALÀ', NULL, NULL,1, 28),
('student', '2c3a3358-9b7e-443a-8def-fa40d5fda3a0', '19791227', 'email.student22@gmail.com', b'0', 'VEDRANA', 'F', NULL, 'HASANBASIC GAZIVODA', NULL, NULL,1, 7),
('student', '36516717-6ff4-49ea-8faa-922082cdb659', '19791227', 'email.student44@gmail.com', b'0', 'BEGOÑA', 'F', NULL, 'FERNANDEZ ARAMBURU LUMBIARRES', NULL, NULL,1, 25),
('student', '3f83b1ab-627b-4ab9-bda8-f56a5c861de3', '19791227', 'email.student49@gmail.com', b'0', 'CRISTINA', 'F', NULL, 'CID RODRÍGUEZ', NULL, NULL,1, 44),
('student', '42693249-3918-4d36-ab61-0d8f2c8733ee', '19791227', 'email.student45@gmail.com', b'0', 'DANIEL', 'M', NULL, 'FERNÁNDEZ FIAÑO', NULL, NULL,1, 26),
('student', '43189d31-59e1-4296-9e43-02a010195583', '19791227', 'email.student52@gmail.com', b'0', 'ALI TIUNA', 'F', NULL, 'ELIAS LAIRET', NULL, NULL,1, 14),
('teacher', '43fba0be-efbe-443e-ada5-c2d437d921d9', '19791227', 'it@academy.com', b'1', 'Testing', 'M', NULL, 'IT - Department', '$2a$10$It.w9569.2qmSgssPMqO/.jzzHTGRjzIKpxjt0Jl4iUy/H3p6VDu2', '',2, NULL),
('student', '5130ad94-8275-45eb-a5a2-1db95cc922ba', '19791227', 'email.student30@gmail.com', b'0', 'JAUME', 'M', NULL, 'CANALS REIG', NULL, NULL,1, 39),
('student', '513fae8c-7132-44d5-bb24-2a13e1724847', '19791227', 'email.student48@gmail.com', b'0', 'JONATAN', 'M', NULL, 'LLEDO LLACER', NULL, NULL,1, 43),
('student', '516ff34a-93df-49b5-9258-2b473931aaf7', '19791227', 'email.student32@gmail.com', b'0', 'ANA', 'F', NULL, 'PASCUAL AGROMAYOR', NULL, NULL,1, 54),
('student', '5198f8a1-4ff0-4d35-bdd1-eea0d3371fa7', '19791227', 'email.student54@gmail.com', b'0', 'OLGA', 'F', NULL, 'OGNIEVA', NULL, NULL,1, 29),
('student', '5427a2b0-497e-4408-9c4f-46709841176b', '19791227', 'email.student27@gmail.com', b'0', 'RODRIGO', 'M', NULL, 'CASTRO SASTRE', NULL, NULL,1, 36),
('student', '58a55a41-04cc-4007-a322-e7bb969e626b', '19791227', 'email.student1@gmail.com', b'0', 'FABRIZIO', 'M', NULL, 'PANTINI', NULL, NULL,1, 30),
('student', '5df37bb1-a69b-4fa7-8acf-258e350b052b', '19791227', 'email.student3@gmail.com', b'0', 'JAVIER', 'M', NULL, 'SÁNCHEZ ABAD', NULL, NULL,1, 48),
('student', '5ea61a77-2d0d-4591-992e-6808d7993eeb', '19791227', 'email.student21@gmail.com', b'0', 'CRISTIAN', 'M', NULL, 'FABREGAS SALINAS', NULL, NULL,1, 6),
('teacher', '5ef6a45d-af82-4cc5-aae4-e1a528e7cd7b', '19791227', '', b'1', 'Rubén', 'M', NULL, 'Rubén', '$2a$10$GXFcVwPvuUROsk0sygTbxelcDT40K69b.y8wq9fuOmUPc.B9bsgri', '',2, NULL),
('student', '5f79b1e9-23cc-409c-994d-b1d81fa3ba25', '19791227', 'email.student57@gmail.com', b'0', 'EMILIANO', 'M', NULL, 'PAZOS ANANIA', NULL, NULL,1, 57),
('student', '6065663c-c5d0-4fdd-bd2a-aed0bf174d19', '19791227', 'email.student47@gmail.com', b'0', 'PABLO', 'M', NULL, 'SCHVARZMAN MUÑOZ', NULL, NULL,1, 42),
('student', '69800270-5015-4098-b356-2b84cf5b575a', '19791227', 'email.student19@gmail.com', b'0', 'DAVID', 'M', NULL, 'MAÑÁ ÁLVAREZ', NULL, NULL,1, 52),
('teacher', '6bc65f11-887c-4a92-88d1-a536c7c5c5dc', '19791227', '', b'1', 'Ismael', 'M', NULL, 'Kale', '$2a$10$s1/4dAXsWAjUk9M1ArPeMOg5oO2TQs3nKJu.5TMW2lA2H1SKTFysW', '',2, NULL),
('student', '6e789f36-85c2-45db-a8fc-73822a6584a4', '19791227', 'email.student8@gmail.com', b'0', 'JUDIT', 'F', NULL, 'ARIAS PIFERRER', NULL, NULL,1, 4),
('student', '726eb12c-e90e-427c-9855-596a9d8eef18', '19791227', 'email.student7@gmail.com', b'0', 'BARLAN TITO', 'M', NULL, 'URIZAR TORRICO', NULL, NULL,1, 3),
('student', '738a1bcf-909e-4a28-9bbc-a46f1c68670a', '19791227', 'email.student55@gmail.com', b'0', 'MIGUEL ÁNGEL', 'M', NULL, 'SÁNCHEZ FLORIDO', NULL, NULL,1, 46),
('student', '73dc665d-6021-4d32-8c3d-7a1e86a9a7b2', '19791227', 'email.student10@gmail.com', b'0', 'CRISTIAN', 'M', NULL, 'PUNTÍ SABATÉS', NULL, NULL,1, 16),
('student', '77bceb27-14b0-49e6-ad1d-66f2d7541a0c', '19791227', 'email.student39@gmail.com', b'0', 'ANASTASIA', 'F', NULL, 'GULYAEVA', NULL, NULL,1, 9),
('student', '7b4e3bf6-5102-4ef0-b816-3b7025c3c136', '19791227', 'email.student16@gmail.com', b'0', 'BINAY', 'M', NULL, 'TIMILSINA', NULL, NULL,1, 35),
('student', '80dd2ad9-55b1-4682-9945-72caf27d0a38', '19791227', 'email.student5@gmail.com', b'0', 'ESPERANZA', 'F', NULL, 'LEÓN HIDALGO', NULL, NULL,1, 1),
('admin', '825c77f0-a741-4f3b-afc5-82092a21985d', '19791227', '', b'1', 'Marc', 'M', NULL, 'Vera', '$2a$10$cBVKRphvRXTs.hcre7LrSu/E.go0YMvMC3hKOeeT4DC9EvNeHG8am', '',3, NULL),
('student', '84dab97e-2174-455b-8dc2-1cdd5ff39af1', '19791227', 'email.student37@gmail.com', b'0', 'ÁLVARO', 'M', NULL, 'ZÁJARA CAMILO', NULL, NULL,1, 40),
('student', '8653f55e-1844-4030-b957-6059d0c0a880', '19791227', 'email.student43@gmail.com', b'0', 'PEDRO ALEJANDRO', 'M', NULL, 'LOPEZ MUÑOZ', NULL, NULL,1, 24),
('student', '88653ccd-bf3b-4db3-b761-dc7a97c70b2a', '19791227', 'email.student42@gmail.com', b'0', 'ARTURO ELMER', 'M', NULL, 'PRADO ROMERO', NULL, NULL,1, 12),
('student', '90165c98-ed8f-452d-a06c-425e642162d5', '19791227', 'email.student17@gmail.com', b'0', 'ANDREA', 'F', NULL, 'VIDAL PANIAGUA', NULL, NULL,1, 50),
('student', '903a6871-dde0-42fe-9163-1eaab799a712', '19791227', 'email.student12@gmail.com', b'0', 'ZOE', 'F', NULL, 'BARBARA ROVIRA', NULL, NULL,1, 18),
('student', '9524b819-7dca-40a9-9a18-6512b504a6a5', '19791227', 'email.student9@gmail.com', b'0', 'DAVID', 'M', NULL, 'BOLEA SANCHO', NULL, NULL,1, 15),
('student', '956fe4ea-f06d-44e2-81c9-22998581dc1e', '19791227', 'email.student40@gmail.com', b'0', 'JAVIER', 'M', NULL, 'DEL MORAL ASENSIO', NULL, NULL,1, 10),
('teacher', 'a235257d-0d35-4bd2-be35-a1f58c4b7f39', '19791227', '', b'1', 'José', 'M', NULL, 'José', '$2a$10$lepuCXu3Ym.dySOYLxQ3GOXqsSGudck8JlDz6tVP7EiuVH6stuwFW', '',2, NULL),
('student', 'a86ae2f5-6231-4247-b14f-1f36e1364b08', '19791227', 'email.student23@gmail.com', b'0', 'DANIEL', 'M', NULL, 'MINGUELLA BLASCO', NULL, NULL,1, 8),
('student', 'a8a8fdbf-bfad-4c89-92a2-15b42096d4cc', '19791227', 'email.student41@gmail.com', b'0', 'ABRAHAM', 'M', NULL, 'CASTRO', NULL, NULL,1, 11),
('student', 'b1c8182b-d0e7-4922-9a33-273b3f6cfaf1', '19791227', 'email.student13@gmail.com', b'0', 'JORDI', 'M', NULL, 'MARCH VERA', NULL, NULL,1, 32),
('student', 'b5be7ff3-55d2-4899-b59a-795271ae0ba7', '19791227', 'email.student26@gmail.com', b'0', 'LUÍS ALFONSO', 'M', NULL, 'SAURA GARCIA', NULL, NULL,1, 21),
('student', 'bc945fc7-9775-4267-91cf-fbf7459ebe45', '19791227', 'email.student50@gmail.com', b'0', 'MARIO', 'M', NULL, 'ASENSIO GARCÍA', NULL, NULL,1, 45),
('student', 'c1d4178c-2fb0-435e-a114-3c0f462913fb', '19791227', 'email.student11@gmail.com', b'0', 'GILBERT', 'M', NULL, 'VIADER SAURET', NULL, NULL,1, 17),
('student', 'd071ef65-b22f-4d1f-8564-0ba3c710a6b8', '19791227', 'email.student4@gmail.com', b'0', 'CRISTINA', 'F', NULL, 'FERNÁNDEZ NAVARRO', NULL, NULL,1, 49),
('student', 'd19f5599-7802-4847-a0b8-a8c6fdd99c0b', '19791227', 'email.student15@gmail.com', b'0', 'EVGENI', 'M', NULL, 'AKSIMENKO', NULL, NULL,1, 34),
('student', 'd456e598-62af-4a5d-b162-1ec72bb627be', '19791227', 'email.student56@gmail.com', b'0', 'ANGEL', 'M', NULL, 'NICODEMUS DE TORRES', NULL, NULL,1, 47),
('student', 'd5d0e440-33bd-4c5a-8d62-5596a08a0273', '19791227', 'email.student36@gmail.com', b'0', 'JORDI', 'M', NULL, 'BONET VALLVERDU', NULL, NULL,1, 23),
('student', 'd659242b-8251-4e3e-96a0-03b1db52d4d4', '19791227', 'email.student28@gmail.com', b'0', 'DARIO NICOLAS', 'M', NULL, 'SCATTOLINI', NULL, NULL,1, 37),
('student', 'dab3074c-2bc3-4c8c-a153-a2c83b01c07f', '19791227', 'email.student14@gmail.com', b'0', 'JAUME', 'M', NULL, 'SABATÉ FABREGAT', NULL, NULL,1, 33),
('student', 'dd339b30-6bfc-4de6-80ce-3b5fdf77689d', '19791227', 'email.student24@gmail.com', b'0', 'MAGALÍ', 'F', NULL, 'LESCANO CORREA', NULL, NULL,1, 19),
('student', 'efe2ed25-7478-47c5-8412-b9d555c378c4', '19791227', 'email.student34@gmail.com', b'0', 'JORDI', 'M', NULL, 'GONZALEZ VERGES', NULL, NULL,1, 56),
('student', 'f02f450f-61b7-4bad-9fff-91435da170a7', '19791227', 'email.student58@gmail.com', b'0', 'XAVIER', 'M', NULL, 'MARTINEZ ESCOLAR', NULL, NULL,1, NULL),
('student', 'f8b08eef-46d3-4fe1-818c-07efe128f58a', '19791227', 'email.student35@gmail.com', b'0', 'CRISTIAN DANIEL', 'M', NULL, 'VILLEGAS PEÑA', NULL, NULL,1, 22),
('student', 'f96e7848-8888-4ac4-b3da-504817010422', '19791227', 'email.student2@gmail.com', b'0', 'PANAGIOTIS', 'M', NULL, 'KONTAXIS', NULL, NULL,1, 31);

--
-- Volcado de datos para la tabla `absence`
--

INSERT INTO `absence` (`id`, `date_missing`, `student_id`) VALUES
(1, '2019-09-25 13:02:52', '58a55a41-04cc-4007-a322-e7bb969e626b'),
(2, '2019-11-04 13:02:52', '58a55a41-04cc-4007-a322-e7bb969e626b'),
(3, '2019-11-20 13:02:52', '58a55a41-04cc-4007-a322-e7bb969e626b'),
(4, '2019-11-27 13:02:53', '58a55a41-04cc-4007-a322-e7bb969e626b'),
(5, '2019-11-28 13:02:53', '58a55a41-04cc-4007-a322-e7bb969e626b'),
(6, '2019-10-04 13:02:53', '5df37bb1-a69b-4fa7-8acf-258e350b052b'),
(7, '2019-11-14 13:02:53', '5df37bb1-a69b-4fa7-8acf-258e350b052b'),
(8, '2019-11-15 13:02:53', '5df37bb1-a69b-4fa7-8acf-258e350b052b'),
(9, '2019-11-25 13:02:53', '5df37bb1-a69b-4fa7-8acf-258e350b052b'),
(10, '2019-10-07 13:02:53', 'd071ef65-b22f-4d1f-8564-0ba3c710a6b8'),
(11, '2019-10-15 13:02:53', 'd071ef65-b22f-4d1f-8564-0ba3c710a6b8'),
(12, '2019-10-29 13:02:53', 'd071ef65-b22f-4d1f-8564-0ba3c710a6b8'),
(13, '2019-11-07 13:02:53', 'd071ef65-b22f-4d1f-8564-0ba3c710a6b8'),
(14, '2019-11-14 13:02:53', 'd071ef65-b22f-4d1f-8564-0ba3c710a6b8'),
(15, '2019-11-29 13:02:53', 'd071ef65-b22f-4d1f-8564-0ba3c710a6b8'),
(16, '2019-10-25 13:02:53', '1cdbe0ea-3847-4572-a32c-8871525eecd4'),
(17, '2019-11-04 13:02:53', '1cdbe0ea-3847-4572-a32c-8871525eecd4'),
(18, '2019-11-08 13:02:53', '9524b819-7dca-40a9-9a18-6512b504a6a5'),
(19, '2019-11-11 13:02:53', '9524b819-7dca-40a9-9a18-6512b504a6a5'),
(20, '2019-11-26 13:02:53', '9524b819-7dca-40a9-9a18-6512b504a6a5'),
(21, '2019-10-10 13:02:53', 'c1d4178c-2fb0-435e-a114-3c0f462913fb'),
(22, '2019-10-11 13:02:53', 'c1d4178c-2fb0-435e-a114-3c0f462913fb'),
(23, '2019-10-16 13:02:53', 'c1d4178c-2fb0-435e-a114-3c0f462913fb'),
(24, '2019-10-29 13:02:53', 'c1d4178c-2fb0-435e-a114-3c0f462913fb'),
(25, '2019-11-08 13:02:53', 'c1d4178c-2fb0-435e-a114-3c0f462913fb'),
(26, '2019-11-12 13:02:54', 'c1d4178c-2fb0-435e-a114-3c0f462913fb'),
(27, '2019-11-14 13:02:54', 'c1d4178c-2fb0-435e-a114-3c0f462913fb'),
(28, '2019-11-15 13:02:54', 'c1d4178c-2fb0-435e-a114-3c0f462913fb'),
(29, '2019-11-20 13:02:54', 'c1d4178c-2fb0-435e-a114-3c0f462913fb'),
(30, '2019-11-22 13:02:54', 'c1d4178c-2fb0-435e-a114-3c0f462913fb'),
(31, '2019-11-29 13:02:54', 'c1d4178c-2fb0-435e-a114-3c0f462913fb'),
(32, '2019-11-07 13:02:54', 'b1c8182b-d0e7-4922-9a33-273b3f6cfaf1'),
(33, '2019-11-25 13:02:54', 'b1c8182b-d0e7-4922-9a33-273b3f6cfaf1'),
(34, '2019-11-14 13:02:54', 'dab3074c-2bc3-4c8c-a153-a2c83b01c07f'),
(35, '2019-11-15 13:02:54', 'd19f5599-7802-4847-a0b8-a8c6fdd99c0b'),
(36, '2019-10-07 13:02:54', '7b4e3bf6-5102-4ef0-b816-3b7025c3c136'),
(37, '2019-10-30 13:02:54', '7b4e3bf6-5102-4ef0-b816-3b7025c3c136'),
(38, '2019-11-20 13:02:54', '7b4e3bf6-5102-4ef0-b816-3b7025c3c136'),
(39, '2019-11-22 13:02:54', '7b4e3bf6-5102-4ef0-b816-3b7025c3c136'),
(40, '2019-11-25 13:02:54', '7b4e3bf6-5102-4ef0-b816-3b7025c3c136'),
(41, '2019-10-04 13:02:54', '90165c98-ed8f-452d-a06c-425e642162d5'),
(42, '2019-10-09 13:02:54', '90165c98-ed8f-452d-a06c-425e642162d5'),
(43, '2019-10-15 13:02:54', '90165c98-ed8f-452d-a06c-425e642162d5'),
(44, '2019-10-17 13:02:54', '90165c98-ed8f-452d-a06c-425e642162d5'),
(45, '2019-10-22 13:02:54', '90165c98-ed8f-452d-a06c-425e642162d5'),
(46, '2019-10-23 13:02:54', '90165c98-ed8f-452d-a06c-425e642162d5'),
(47, '2019-10-29 13:02:54', '90165c98-ed8f-452d-a06c-425e642162d5'),
(48, '2019-11-08 13:02:54', '90165c98-ed8f-452d-a06c-425e642162d5'),
(49, '2019-11-15 13:02:54', '90165c98-ed8f-452d-a06c-425e642162d5'),
(50, '2019-11-27 13:02:54', '90165c98-ed8f-452d-a06c-425e642162d5'),
(51, '2019-11-28 13:02:54', '90165c98-ed8f-452d-a06c-425e642162d5'),
(52, '2019-10-02 13:02:54', '0e21edc3-eea0-43b4-90fa-eb29211f2b79'),
(53, '2019-10-09 13:02:54', '0e21edc3-eea0-43b4-90fa-eb29211f2b79'),
(54, '2019-10-17 13:02:54', '0e21edc3-eea0-43b4-90fa-eb29211f2b79'),
(55, '2019-10-23 13:02:54', '0e21edc3-eea0-43b4-90fa-eb29211f2b79'),
(56, '2019-10-30 13:02:55', '0e21edc3-eea0-43b4-90fa-eb29211f2b79'),
(57, '2019-11-06 13:02:55', '0e21edc3-eea0-43b4-90fa-eb29211f2b79'),
(58, '2019-11-13 13:02:55', '0e21edc3-eea0-43b4-90fa-eb29211f2b79'),
(59, '2019-11-20 13:02:55', '0e21edc3-eea0-43b4-90fa-eb29211f2b79'),
(60, '2019-11-27 13:02:55', '0e21edc3-eea0-43b4-90fa-eb29211f2b79'),
(61, '2019-11-29 13:02:55', '0e21edc3-eea0-43b4-90fa-eb29211f2b79'),
(62, '2019-10-02 13:02:55', '188a6161-be3b-463e-ab33-230d821eb71e'),
(63, '2019-10-08 13:02:55', '188a6161-be3b-463e-ab33-230d821eb71e'),
(64, '2019-10-15 13:02:55', '188a6161-be3b-463e-ab33-230d821eb71e'),
(65, '2019-10-16 13:02:55', '188a6161-be3b-463e-ab33-230d821eb71e'),
(66, '2019-10-17 13:02:55', '188a6161-be3b-463e-ab33-230d821eb71e'),
(67, '2019-10-24 13:02:55', '188a6161-be3b-463e-ab33-230d821eb71e'),
(68, '2019-11-05 13:02:55', '188a6161-be3b-463e-ab33-230d821eb71e'),
(69, '2019-07-19 13:02:55', '5ea61a77-2d0d-4591-992e-6808d7993eeb'),
(70, '2019-07-22 13:02:55', '5ea61a77-2d0d-4591-992e-6808d7993eeb'),
(71, '2019-07-26 13:02:55', '5ea61a77-2d0d-4591-992e-6808d7993eeb'),
(72, '2019-07-29 13:02:55', '5ea61a77-2d0d-4591-992e-6808d7993eeb'),
(73, '2019-08-01 13:02:55', '5ea61a77-2d0d-4591-992e-6808d7993eeb'),
(74, '2019-09-26 13:02:55', '5ea61a77-2d0d-4591-992e-6808d7993eeb'),
(75, '2019-10-21 13:02:55', '5ea61a77-2d0d-4591-992e-6808d7993eeb'),
(76, '2019-11-12 13:02:55', '5ea61a77-2d0d-4591-992e-6808d7993eeb'),
(77, '2019-11-25 13:02:55', '5ea61a77-2d0d-4591-992e-6808d7993eeb'),
(78, '2019-11-28 13:02:55', '5ea61a77-2d0d-4591-992e-6808d7993eeb'),
(79, '2019-09-02 13:02:55', '2c3a3358-9b7e-443a-8def-fa40d5fda3a0'),
(80, '2019-09-03 13:02:55', '2c3a3358-9b7e-443a-8def-fa40d5fda3a0'),
(81, '2019-09-25 13:02:55', '2c3a3358-9b7e-443a-8def-fa40d5fda3a0'),
(82, '2019-11-04 13:02:55', '2c3a3358-9b7e-443a-8def-fa40d5fda3a0'),
(83, '2019-10-25 13:02:55', 'dd339b30-6bfc-4de6-80ce-3b5fdf77689d'),
(84, '2019-11-04 13:02:55', 'dd339b30-6bfc-4de6-80ce-3b5fdf77689d'),
(85, '2019-11-15 13:02:55', 'dd339b30-6bfc-4de6-80ce-3b5fdf77689d'),
(86, '2019-11-21 13:02:55', 'dd339b30-6bfc-4de6-80ce-3b5fdf77689d'),
(87, '2019-10-17 13:02:55', '0f09d7aa-be83-4afd-8e40-0c717bc72a12'),
(88, '2019-11-19 13:02:55', '0f09d7aa-be83-4afd-8e40-0c717bc72a12'),
(89, '2019-10-21 13:02:55', '0f09d7aa-be83-4afd-8e40-0c717bc72a12'),
(90, '2019-11-22 13:02:55', '0f09d7aa-be83-4afd-8e40-0c717bc72a12'),
(91, '2019-07-19 13:02:56', 'b5be7ff3-55d2-4899-b59a-795271ae0ba7'),
(92, '2019-07-26 13:02:56', 'b5be7ff3-55d2-4899-b59a-795271ae0ba7'),
(93, '2019-07-30 13:02:56', 'b5be7ff3-55d2-4899-b59a-795271ae0ba7'),
(94, '2019-09-25 13:02:56', 'b5be7ff3-55d2-4899-b59a-795271ae0ba7'),
(95, '2019-10-03 13:02:56', 'b5be7ff3-55d2-4899-b59a-795271ae0ba7'),
(96, '2019-10-04 13:02:56', 'b5be7ff3-55d2-4899-b59a-795271ae0ba7'),
(97, '2019-10-07 13:02:56', 'b5be7ff3-55d2-4899-b59a-795271ae0ba7'),
(98, '2019-10-08 13:02:56', 'b5be7ff3-55d2-4899-b59a-795271ae0ba7'),
(99, '2019-10-09 13:02:56', 'b5be7ff3-55d2-4899-b59a-795271ae0ba7'),
(100, '2019-10-10 13:02:56', 'b5be7ff3-55d2-4899-b59a-795271ae0ba7'),
(101, '2019-10-11 13:02:56', 'b5be7ff3-55d2-4899-b59a-795271ae0ba7'),
(102, '2019-10-23 13:02:56', 'b5be7ff3-55d2-4899-b59a-795271ae0ba7'),
(103, '2019-07-29 13:02:56', '095befbd-63d6-4a64-af4f-4bde94ebe030'),
(104, '2019-07-30 13:02:56', '095befbd-63d6-4a64-af4f-4bde94ebe030'),
(105, '2019-07-31 13:02:56', '095befbd-63d6-4a64-af4f-4bde94ebe030'),
(106, '2019-08-01 13:02:56', '095befbd-63d6-4a64-af4f-4bde94ebe030'),
(107, '2019-08-02 13:02:56', '095befbd-63d6-4a64-af4f-4bde94ebe030'),
(108, '2019-10-02 13:02:56', '095befbd-63d6-4a64-af4f-4bde94ebe030'),
(109, '2019-11-11 13:02:56', '095befbd-63d6-4a64-af4f-4bde94ebe030'),
(110, '2019-11-12 13:02:56', '095befbd-63d6-4a64-af4f-4bde94ebe030'),
(111, '2019-11-13 13:02:56', '095befbd-63d6-4a64-af4f-4bde94ebe030'),
(112, '2019-10-14 13:02:56', '095befbd-63d6-4a64-af4f-4bde94ebe030'),
(113, '2019-10-15 13:02:56', '095befbd-63d6-4a64-af4f-4bde94ebe030'),
(114, '2019-10-09 13:02:56', '5130ad94-8275-45eb-a5a2-1db95cc922ba'),
(115, '2019-10-15 13:02:56', '5130ad94-8275-45eb-a5a2-1db95cc922ba'),
(116, '2019-10-23 13:02:56', '5130ad94-8275-45eb-a5a2-1db95cc922ba'),
(117, '2019-10-25 13:02:56', '5130ad94-8275-45eb-a5a2-1db95cc922ba'),
(118, '2019-11-08 13:02:56', '5130ad94-8275-45eb-a5a2-1db95cc922ba'),
(119, '2019-11-20 13:02:56', '5130ad94-8275-45eb-a5a2-1db95cc922ba'),
(120, '2019-07-04 13:02:56', '196ea5ba-67cb-4187-813e-1af1b59f0cd1'),
(121, '2019-07-05 13:02:56', '196ea5ba-67cb-4187-813e-1af1b59f0cd1'),
(122, '2019-09-18 13:02:56', '196ea5ba-67cb-4187-813e-1af1b59f0cd1'),
(123, '2019-11-08 13:02:56', '196ea5ba-67cb-4187-813e-1af1b59f0cd1'),
(124, '2019-10-22 13:02:56', '516ff34a-93df-49b5-9258-2b473931aaf7'),
(125, '2019-11-14 13:02:56', '516ff34a-93df-49b5-9258-2b473931aaf7'),
(126, '2019-10-07 13:02:57', '030027e8-3bd2-431d-b57b-2f3b60aed01b'),
(127, '2019-10-15 13:02:57', '030027e8-3bd2-431d-b57b-2f3b60aed01b'),
(128, '2019-10-24 13:02:57', '030027e8-3bd2-431d-b57b-2f3b60aed01b'),
(129, '2019-11-14 13:02:57', '030027e8-3bd2-431d-b57b-2f3b60aed01b'),
(130, '2019-11-15 13:02:57', '030027e8-3bd2-431d-b57b-2f3b60aed01b'),
(131, '2019-11-20 13:02:57', '030027e8-3bd2-431d-b57b-2f3b60aed01b'),
(132, '2019-11-20 13:02:57', 'efe2ed25-7478-47c5-8412-b9d555c378c4'),
(133, '2019-11-07 13:02:57', 'f8b08eef-46d3-4fe1-818c-07efe128f58a'),
(134, '2019-11-26 13:02:57', 'f8b08eef-46d3-4fe1-818c-07efe128f58a'),
(135, '2019-11-06 13:02:57', 'd5d0e440-33bd-4c5a-8d62-5596a08a0273'),
(136, '2019-11-22 13:02:57', 'd5d0e440-33bd-4c5a-8d62-5596a08a0273'),
(137, '2019-10-21 13:02:57', '84dab97e-2174-455b-8dc2-1cdd5ff39af1'),
(138, '2019-10-28 13:02:57', '84dab97e-2174-455b-8dc2-1cdd5ff39af1'),
(139, '2019-10-29 13:02:57', '84dab97e-2174-455b-8dc2-1cdd5ff39af1'),
(140, '2019-11-11 13:02:57', '84dab97e-2174-455b-8dc2-1cdd5ff39af1'),
(141, '2019-11-12 13:02:57', '84dab97e-2174-455b-8dc2-1cdd5ff39af1'),
(142, '2019-10-28 13:02:57', '956fe4ea-f06d-44e2-81c9-22998581dc1e'),
(143, '2019-11-11 13:02:57', '956fe4ea-f06d-44e2-81c9-22998581dc1e'),
(144, '2019-11-29 13:02:57', '956fe4ea-f06d-44e2-81c9-22998581dc1e'),
(145, '2019-10-10 13:02:57', 'a8a8fdbf-bfad-4c89-92a2-15b42096d4cc'),
(146, '2019-10-11 13:02:57', 'a8a8fdbf-bfad-4c89-92a2-15b42096d4cc'),
(147, '2019-11-19 13:02:57', 'a8a8fdbf-bfad-4c89-92a2-15b42096d4cc'),
(148, '2019-10-16 13:02:57', '88653ccd-bf3b-4db3-b761-dc7a97c70b2a'),
(149, '2019-10-30 13:02:57', '88653ccd-bf3b-4db3-b761-dc7a97c70b2a'),
(150, '2019-11-13 13:02:57', '88653ccd-bf3b-4db3-b761-dc7a97c70b2a'),
(151, '2019-11-15 13:02:57', '88653ccd-bf3b-4db3-b761-dc7a97c70b2a'),
(152, '2019-11-21 13:02:57', '88653ccd-bf3b-4db3-b761-dc7a97c70b2a'),
(153, '2019-11-26 13:02:57', '88653ccd-bf3b-4db3-b761-dc7a97c70b2a'),
(154, '2019-08-02 13:02:57', '36516717-6ff4-49ea-8faa-922082cdb659'),
(155, '2019-09-03 13:02:58', '36516717-6ff4-49ea-8faa-922082cdb659'),
(156, '2019-10-08 13:02:58', '36516717-6ff4-49ea-8faa-922082cdb659'),
(157, '2019-10-11 13:02:58', '36516717-6ff4-49ea-8faa-922082cdb659'),
(158, '2019-10-29 13:02:58', '36516717-6ff4-49ea-8faa-922082cdb659'),
(159, '2019-11-07 13:02:58', '36516717-6ff4-49ea-8faa-922082cdb659'),
(160, '2019-11-13 13:02:58', '36516717-6ff4-49ea-8faa-922082cdb659'),
(161, '2019-11-25 13:02:58', '36516717-6ff4-49ea-8faa-922082cdb659'),
(162, '2019-10-22 13:02:58', '42693249-3918-4d36-ab61-0d8f2c8733ee'),
(163, '2019-11-12 13:02:58', '42693249-3918-4d36-ab61-0d8f2c8733ee'),
(164, '2019-11-13 13:02:58', '42693249-3918-4d36-ab61-0d8f2c8733ee'),
(165, '2019-11-25 13:02:58', '42693249-3918-4d36-ab61-0d8f2c8733ee'),
(166, '2019-11-26 13:02:58', '42693249-3918-4d36-ab61-0d8f2c8733ee'),
(167, '2019-11-27 13:02:58', '42693249-3918-4d36-ab61-0d8f2c8733ee'),
(168, '2019-11-28 13:02:58', '42693249-3918-4d36-ab61-0d8f2c8733ee'),
(169, '2019-11-29 13:02:58', '42693249-3918-4d36-ab61-0d8f2c8733ee'),
(170, '2019-10-24 13:02:58', '1570b631-9a20-4f3d-8491-9cb61bbb3b3c'),
(171, '2019-10-28 13:02:58', '1570b631-9a20-4f3d-8491-9cb61bbb3b3c'),
(172, '2019-09-20 13:02:58', '6065663c-c5d0-4fdd-bd2a-aed0bf174d19'),
(173, '2019-10-03 13:02:58', '6065663c-c5d0-4fdd-bd2a-aed0bf174d19'),
(174, '2019-10-04 13:02:58', '6065663c-c5d0-4fdd-bd2a-aed0bf174d19'),
(175, '2019-10-07 13:02:58', '6065663c-c5d0-4fdd-bd2a-aed0bf174d19'),
(176, '2019-10-08 13:02:58', '6065663c-c5d0-4fdd-bd2a-aed0bf174d19'),
(177, '2019-10-24 13:02:58', '6065663c-c5d0-4fdd-bd2a-aed0bf174d19'),
(178, '2019-09-17 13:02:58', '513fae8c-7132-44d5-bb24-2a13e1724847'),
(179, '2019-11-28 13:02:58', '513fae8c-7132-44d5-bb24-2a13e1724847'),
(180, '2019-09-16 13:02:58', '3f83b1ab-627b-4ab9-bda8-f56a5c861de3'),
(181, '2019-09-19 13:02:58', '3f83b1ab-627b-4ab9-bda8-f56a5c861de3'),
(182, '2019-10-21 13:02:58', '3f83b1ab-627b-4ab9-bda8-f56a5c861de3'),
(183, '2019-11-13 13:02:58', '3f83b1ab-627b-4ab9-bda8-f56a5c861de3'),
(184, '2019-11-27 13:02:58', '3f83b1ab-627b-4ab9-bda8-f56a5c861de3'),
(185, '2019-11-22 13:02:58', 'bc945fc7-9775-4267-91cf-fbf7459ebe45'),
(186, '2019-11-20 13:02:58', '25fdae9c-b55e-4e2a-b48a-f3033a3ff94c'),
(187, '2019-11-25 13:02:58', '25fdae9c-b55e-4e2a-b48a-f3033a3ff94c'),
(188, '2019-11-27 13:02:58', '25fdae9c-b55e-4e2a-b48a-f3033a3ff94c'),
(189, '2019-09-19 13:02:59', '43189d31-59e1-4296-9e43-02a010195583'),
(190, '2019-09-27 13:02:59', '43189d31-59e1-4296-9e43-02a010195583'),
(191, '2019-10-01 13:02:59', '43189d31-59e1-4296-9e43-02a010195583'),
(192, '2019-10-09 13:02:59', '43189d31-59e1-4296-9e43-02a010195583'),
(193, '2019-10-15 13:02:59', '43189d31-59e1-4296-9e43-02a010195583'),
(194, '2019-10-21 13:02:59', '43189d31-59e1-4296-9e43-02a010195583'),
(195, '2019-10-30 13:02:59', '43189d31-59e1-4296-9e43-02a010195583'),
(196, '2019-11-07 13:02:59', '43189d31-59e1-4296-9e43-02a010195583'),
(197, '2019-11-08 13:02:59', '43189d31-59e1-4296-9e43-02a010195583'),
(198, '2019-10-10 13:02:59', '29822fe4-4a1f-4d59-841f-9b3e387780e6'),
(199, '2019-10-15 13:02:59', '29822fe4-4a1f-4d59-841f-9b3e387780e6'),
(200, '2019-11-12 13:02:59', '29822fe4-4a1f-4d59-841f-9b3e387780e6'),
(201, '2019-11-27 13:02:59', '29822fe4-4a1f-4d59-841f-9b3e387780e6'),
(202, '2019-11-28 13:02:59', '29822fe4-4a1f-4d59-841f-9b3e387780e6'),
(203, '2019-11-29 13:02:59', '29822fe4-4a1f-4d59-841f-9b3e387780e6'),
(204, '2019-11-14 13:02:59', '5198f8a1-4ff0-4d35-bdd1-eea0d3371fa7'),
(205, '2019-11-15 13:02:59', '5198f8a1-4ff0-4d35-bdd1-eea0d3371fa7'),
(206, '2019-10-14 13:02:59', '738a1bcf-909e-4a28-9bbc-a46f1c68670a'),
(207, '2019-10-15 13:02:59', '738a1bcf-909e-4a28-9bbc-a46f1c68670a'),
(208, '2019-10-29 13:02:59', '738a1bcf-909e-4a28-9bbc-a46f1c68670a'),
(209, '2019-11-06 13:02:59', '738a1bcf-909e-4a28-9bbc-a46f1c68670a'),
(210, '2019-11-19 13:02:59', '738a1bcf-909e-4a28-9bbc-a46f1c68670a'),
(211, '2019-09-20 13:02:59', 'd456e598-62af-4a5d-b162-1ec72bb627be'),
(212, '2019-09-25 13:02:59', 'd456e598-62af-4a5d-b162-1ec72bb627be'),
(213, '2019-11-15 13:02:59', 'd456e598-62af-4a5d-b162-1ec72bb627be'),
(214, '2019-11-22 13:02:59', 'd456e598-62af-4a5d-b162-1ec72bb627be'),
(215, '2019-09-18 13:02:59', '5f79b1e9-23cc-409c-994d-b1d81fa3ba25'),
(216, '2019-09-30 13:02:59', '5f79b1e9-23cc-409c-994d-b1d81fa3ba25'),
(217, '2019-10-11 13:02:59', '5f79b1e9-23cc-409c-994d-b1d81fa3ba25'),
(218, '2019-10-30 13:02:59', '5f79b1e9-23cc-409c-994d-b1d81fa3ba25'),
(219, '2019-11-18 13:02:59', '5f79b1e9-23cc-409c-994d-b1d81fa3ba25'),
(220, '2019-10-17 13:02:59', 'f02f450f-61b7-4bad-9fff-91435da170a7'),
(221, '2019-09-25 13:03:41', '58a55a41-04cc-4007-a322-e7bb969e626b'),
(222, '2019-11-04 13:03:41', '58a55a41-04cc-4007-a322-e7bb969e626b'),
(223, '2019-11-20 13:03:41', '58a55a41-04cc-4007-a322-e7bb969e626b'),
(224, '2019-11-27 13:03:41', '58a55a41-04cc-4007-a322-e7bb969e626b'),
(225, '2019-11-28 13:03:41', '58a55a41-04cc-4007-a322-e7bb969e626b'),
(226, '2019-10-04 13:03:41', '5df37bb1-a69b-4fa7-8acf-258e350b052b'),
(227, '2019-11-14 13:03:41', '5df37bb1-a69b-4fa7-8acf-258e350b052b'),
(228, '2019-11-15 13:03:41', '5df37bb1-a69b-4fa7-8acf-258e350b052b'),
(229, '2019-11-25 13:03:41', '5df37bb1-a69b-4fa7-8acf-258e350b052b'),
(230, '2019-10-07 13:03:41', 'd071ef65-b22f-4d1f-8564-0ba3c710a6b8'),
(231, '2019-10-15 13:03:41', 'd071ef65-b22f-4d1f-8564-0ba3c710a6b8'),
(232, '2019-10-29 13:03:41', 'd071ef65-b22f-4d1f-8564-0ba3c710a6b8'),
(233, '2019-11-07 13:03:41', 'd071ef65-b22f-4d1f-8564-0ba3c710a6b8'),
(234, '2019-11-14 13:03:41', 'd071ef65-b22f-4d1f-8564-0ba3c710a6b8'),
(235, '2019-11-29 13:03:41', 'd071ef65-b22f-4d1f-8564-0ba3c710a6b8'),
(236, '2019-10-25 13:03:41', '1cdbe0ea-3847-4572-a32c-8871525eecd4'),
(237, '2019-11-04 13:03:42', '1cdbe0ea-3847-4572-a32c-8871525eecd4'),
(238, '2019-11-08 13:03:42', '9524b819-7dca-40a9-9a18-6512b504a6a5'),
(239, '2019-11-11 13:03:42', '9524b819-7dca-40a9-9a18-6512b504a6a5'),
(240, '2019-11-26 13:03:42', '9524b819-7dca-40a9-9a18-6512b504a6a5'),
(241, '2019-10-10 13:03:42', 'c1d4178c-2fb0-435e-a114-3c0f462913fb'),
(242, '2019-10-11 13:03:42', 'c1d4178c-2fb0-435e-a114-3c0f462913fb'),
(243, '2019-10-16 13:03:42', 'c1d4178c-2fb0-435e-a114-3c0f462913fb'),
(244, '2019-10-29 13:03:42', 'c1d4178c-2fb0-435e-a114-3c0f462913fb'),
(245, '2019-11-08 13:03:42', 'c1d4178c-2fb0-435e-a114-3c0f462913fb'),
(246, '2019-11-12 13:03:42', 'c1d4178c-2fb0-435e-a114-3c0f462913fb'),
(247, '2019-11-14 13:03:42', 'c1d4178c-2fb0-435e-a114-3c0f462913fb'),
(248, '2019-11-15 13:03:42', 'c1d4178c-2fb0-435e-a114-3c0f462913fb'),
(249, '2019-11-20 13:03:42', 'c1d4178c-2fb0-435e-a114-3c0f462913fb'),
(250, '2019-11-22 13:03:42', 'c1d4178c-2fb0-435e-a114-3c0f462913fb'),
(251, '2019-11-29 13:03:42', 'c1d4178c-2fb0-435e-a114-3c0f462913fb'),
(252, '2019-11-07 13:03:42', 'b1c8182b-d0e7-4922-9a33-273b3f6cfaf1'),
(253, '2019-11-25 13:03:42', 'b1c8182b-d0e7-4922-9a33-273b3f6cfaf1'),
(254, '2019-11-14 13:03:42', 'dab3074c-2bc3-4c8c-a153-a2c83b01c07f'),
(255, '2019-11-15 13:03:42', 'd19f5599-7802-4847-a0b8-a8c6fdd99c0b'),
(256, '2019-10-07 13:03:42', '7b4e3bf6-5102-4ef0-b816-3b7025c3c136'),
(257, '2019-10-30 13:03:42', '7b4e3bf6-5102-4ef0-b816-3b7025c3c136'),
(258, '2019-11-20 13:03:42', '7b4e3bf6-5102-4ef0-b816-3b7025c3c136'),
(259, '2019-11-22 13:03:42', '7b4e3bf6-5102-4ef0-b816-3b7025c3c136'),
(260, '2019-11-25 13:03:42', '7b4e3bf6-5102-4ef0-b816-3b7025c3c136'),
(261, '2019-10-04 13:03:42', '90165c98-ed8f-452d-a06c-425e642162d5'),
(262, '2019-10-09 13:03:42', '90165c98-ed8f-452d-a06c-425e642162d5'),
(263, '2019-10-15 13:03:42', '90165c98-ed8f-452d-a06c-425e642162d5'),
(264, '2019-10-17 13:03:42', '90165c98-ed8f-452d-a06c-425e642162d5'),
(265, '2019-10-22 13:03:42', '90165c98-ed8f-452d-a06c-425e642162d5'),
(266, '2019-10-23 13:03:42', '90165c98-ed8f-452d-a06c-425e642162d5'),
(267, '2019-10-29 13:03:42', '90165c98-ed8f-452d-a06c-425e642162d5'),
(268, '2019-11-08 13:03:42', '90165c98-ed8f-452d-a06c-425e642162d5'),
(269, '2019-11-15 13:03:42', '90165c98-ed8f-452d-a06c-425e642162d5'),
(270, '2019-11-27 13:03:42', '90165c98-ed8f-452d-a06c-425e642162d5'),
(271, '2019-11-28 13:03:42', '90165c98-ed8f-452d-a06c-425e642162d5'),
(272, '2019-10-02 13:03:42', '0e21edc3-eea0-43b4-90fa-eb29211f2b79'),
(273, '2019-10-09 13:03:42', '0e21edc3-eea0-43b4-90fa-eb29211f2b79'),
(274, '2019-10-17 13:03:43', '0e21edc3-eea0-43b4-90fa-eb29211f2b79'),
(275, '2019-10-23 13:03:43', '0e21edc3-eea0-43b4-90fa-eb29211f2b79'),
(276, '2019-10-30 13:03:43', '0e21edc3-eea0-43b4-90fa-eb29211f2b79'),
(277, '2019-11-06 13:03:43', '0e21edc3-eea0-43b4-90fa-eb29211f2b79'),
(278, '2019-11-13 13:03:43', '0e21edc3-eea0-43b4-90fa-eb29211f2b79'),
(279, '2019-11-20 13:03:43', '0e21edc3-eea0-43b4-90fa-eb29211f2b79'),
(280, '2019-11-27 13:03:43', '0e21edc3-eea0-43b4-90fa-eb29211f2b79'),
(281, '2019-11-29 13:03:43', '0e21edc3-eea0-43b4-90fa-eb29211f2b79'),
(282, '2019-10-02 13:03:43', '188a6161-be3b-463e-ab33-230d821eb71e'),
(283, '2019-10-08 13:03:43', '188a6161-be3b-463e-ab33-230d821eb71e'),
(284, '2019-10-15 13:03:43', '188a6161-be3b-463e-ab33-230d821eb71e'),
(285, '2019-10-16 13:03:43', '188a6161-be3b-463e-ab33-230d821eb71e'),
(286, '2019-10-17 13:03:43', '188a6161-be3b-463e-ab33-230d821eb71e'),
(287, '2019-10-24 13:03:43', '188a6161-be3b-463e-ab33-230d821eb71e'),
(288, '2019-11-05 13:03:43', '188a6161-be3b-463e-ab33-230d821eb71e'),
(289, '2019-07-19 13:03:43', '5ea61a77-2d0d-4591-992e-6808d7993eeb'),
(290, '2019-07-22 13:03:43', '5ea61a77-2d0d-4591-992e-6808d7993eeb'),
(291, '2019-07-26 13:03:43', '5ea61a77-2d0d-4591-992e-6808d7993eeb'),
(292, '2019-07-29 13:03:43', '5ea61a77-2d0d-4591-992e-6808d7993eeb'),
(293, '2019-08-01 13:03:43', '5ea61a77-2d0d-4591-992e-6808d7993eeb'),
(294, '2019-09-26 13:03:43', '5ea61a77-2d0d-4591-992e-6808d7993eeb'),
(295, '2019-10-21 13:03:43', '5ea61a77-2d0d-4591-992e-6808d7993eeb'),
(296, '2019-11-12 13:03:43', '5ea61a77-2d0d-4591-992e-6808d7993eeb'),
(297, '2019-11-25 13:03:43', '5ea61a77-2d0d-4591-992e-6808d7993eeb'),
(298, '2019-11-28 13:03:43', '5ea61a77-2d0d-4591-992e-6808d7993eeb'),
(299, '2019-09-02 13:03:43', '2c3a3358-9b7e-443a-8def-fa40d5fda3a0'),
(300, '2019-09-03 13:03:43', '2c3a3358-9b7e-443a-8def-fa40d5fda3a0'),
(301, '2019-09-25 13:03:43', '2c3a3358-9b7e-443a-8def-fa40d5fda3a0'),
(302, '2019-11-04 13:03:43', '2c3a3358-9b7e-443a-8def-fa40d5fda3a0'),
(303, '2019-10-25 13:03:43', 'dd339b30-6bfc-4de6-80ce-3b5fdf77689d'),
(304, '2019-11-04 13:03:43', 'dd339b30-6bfc-4de6-80ce-3b5fdf77689d'),
(305, '2019-11-15 13:03:43', 'dd339b30-6bfc-4de6-80ce-3b5fdf77689d'),
(306, '2019-11-21 13:03:43', 'dd339b30-6bfc-4de6-80ce-3b5fdf77689d'),
(307, '2019-10-17 13:03:43', '0f09d7aa-be83-4afd-8e40-0c717bc72a12'),
(308, '2019-11-19 13:03:43', '0f09d7aa-be83-4afd-8e40-0c717bc72a12'),
(309, '2019-10-21 13:03:43', '0f09d7aa-be83-4afd-8e40-0c717bc72a12'),
(310, '2019-11-22 13:03:43', '0f09d7aa-be83-4afd-8e40-0c717bc72a12'),
(311, '2019-07-19 13:03:43', 'b5be7ff3-55d2-4899-b59a-795271ae0ba7'),
(312, '2019-07-26 13:03:43', 'b5be7ff3-55d2-4899-b59a-795271ae0ba7'),
(313, '2019-07-30 13:03:43', 'b5be7ff3-55d2-4899-b59a-795271ae0ba7'),
(314, '2019-09-25 13:03:43', 'b5be7ff3-55d2-4899-b59a-795271ae0ba7'),
(315, '2019-10-03 13:03:43', 'b5be7ff3-55d2-4899-b59a-795271ae0ba7'),
(316, '2019-10-04 13:03:43', 'b5be7ff3-55d2-4899-b59a-795271ae0ba7'),
(317, '2019-10-07 13:03:43', 'b5be7ff3-55d2-4899-b59a-795271ae0ba7'),
(318, '2019-10-08 13:03:43', 'b5be7ff3-55d2-4899-b59a-795271ae0ba7'),
(319, '2019-10-09 13:03:43', 'b5be7ff3-55d2-4899-b59a-795271ae0ba7'),
(320, '2019-10-10 13:03:44', 'b5be7ff3-55d2-4899-b59a-795271ae0ba7'),
(321, '2019-10-11 13:03:44', 'b5be7ff3-55d2-4899-b59a-795271ae0ba7'),
(322, '2019-10-23 13:03:44', 'b5be7ff3-55d2-4899-b59a-795271ae0ba7'),
(323, '2019-07-29 13:03:44', '095befbd-63d6-4a64-af4f-4bde94ebe030'),
(324, '2019-07-30 13:03:44', '095befbd-63d6-4a64-af4f-4bde94ebe030'),
(325, '2019-07-31 13:03:44', '095befbd-63d6-4a64-af4f-4bde94ebe030'),
(326, '2019-08-01 13:03:44', '095befbd-63d6-4a64-af4f-4bde94ebe030'),
(327, '2019-08-02 13:03:44', '095befbd-63d6-4a64-af4f-4bde94ebe030'),
(328, '2019-10-02 13:03:44', '095befbd-63d6-4a64-af4f-4bde94ebe030'),
(329, '2019-11-11 13:03:44', '095befbd-63d6-4a64-af4f-4bde94ebe030'),
(330, '2019-11-12 13:03:44', '095befbd-63d6-4a64-af4f-4bde94ebe030'),
(331, '2019-11-13 13:03:44', '095befbd-63d6-4a64-af4f-4bde94ebe030'),
(332, '2019-10-14 13:03:44', '095befbd-63d6-4a64-af4f-4bde94ebe030'),
(333, '2019-10-15 13:03:44', '095befbd-63d6-4a64-af4f-4bde94ebe030'),
(334, '2019-10-09 13:03:44', '5130ad94-8275-45eb-a5a2-1db95cc922ba'),
(335, '2019-10-15 13:03:44', '5130ad94-8275-45eb-a5a2-1db95cc922ba'),
(336, '2019-10-23 13:03:44', '5130ad94-8275-45eb-a5a2-1db95cc922ba'),
(337, '2019-10-25 13:03:44', '5130ad94-8275-45eb-a5a2-1db95cc922ba'),
(338, '2019-11-08 13:03:44', '5130ad94-8275-45eb-a5a2-1db95cc922ba'),
(339, '2019-11-20 13:03:44', '5130ad94-8275-45eb-a5a2-1db95cc922ba'),
(340, '2019-07-04 13:03:44', '196ea5ba-67cb-4187-813e-1af1b59f0cd1'),
(341, '2019-07-05 13:03:44', '196ea5ba-67cb-4187-813e-1af1b59f0cd1'),
(342, '2019-09-18 13:03:44', '196ea5ba-67cb-4187-813e-1af1b59f0cd1'),
(343, '2019-11-08 13:03:44', '196ea5ba-67cb-4187-813e-1af1b59f0cd1'),
(344, '2019-10-22 13:03:44', '516ff34a-93df-49b5-9258-2b473931aaf7'),
(345, '2019-11-14 13:03:44', '516ff34a-93df-49b5-9258-2b473931aaf7'),
(346, '2019-10-07 13:03:44', '030027e8-3bd2-431d-b57b-2f3b60aed01b'),
(347, '2019-10-15 13:03:44', '030027e8-3bd2-431d-b57b-2f3b60aed01b'),
(348, '2019-10-24 13:03:44', '030027e8-3bd2-431d-b57b-2f3b60aed01b'),
(349, '2019-11-14 13:03:44', '030027e8-3bd2-431d-b57b-2f3b60aed01b'),
(350, '2019-11-15 13:03:44', '030027e8-3bd2-431d-b57b-2f3b60aed01b'),
(351, '2019-11-20 13:03:44', '030027e8-3bd2-431d-b57b-2f3b60aed01b'),
(352, '2019-11-20 13:03:44', 'efe2ed25-7478-47c5-8412-b9d555c378c4'),
(353, '2019-11-07 13:03:44', 'f8b08eef-46d3-4fe1-818c-07efe128f58a'),
(354, '2019-11-26 13:03:44', 'f8b08eef-46d3-4fe1-818c-07efe128f58a'),
(355, '2019-11-06 13:03:44', 'd5d0e440-33bd-4c5a-8d62-5596a08a0273'),
(356, '2019-11-22 13:03:44', 'd5d0e440-33bd-4c5a-8d62-5596a08a0273'),
(357, '2019-10-21 13:03:44', '84dab97e-2174-455b-8dc2-1cdd5ff39af1'),
(358, '2019-10-28 13:03:44', '84dab97e-2174-455b-8dc2-1cdd5ff39af1'),
(359, '2019-10-29 13:03:44', '84dab97e-2174-455b-8dc2-1cdd5ff39af1'),
(360, '2019-11-11 13:03:44', '84dab97e-2174-455b-8dc2-1cdd5ff39af1'),
(361, '2019-11-12 13:03:44', '84dab97e-2174-455b-8dc2-1cdd5ff39af1'),
(362, '2019-10-28 13:03:45', '956fe4ea-f06d-44e2-81c9-22998581dc1e'),
(363, '2019-11-11 13:03:45', '956fe4ea-f06d-44e2-81c9-22998581dc1e'),
(364, '2019-11-29 13:03:45', '956fe4ea-f06d-44e2-81c9-22998581dc1e'),
(365, '2019-10-10 13:03:45', 'a8a8fdbf-bfad-4c89-92a2-15b42096d4cc'),
(366, '2019-10-11 13:03:45', 'a8a8fdbf-bfad-4c89-92a2-15b42096d4cc'),
(367, '2019-11-19 13:03:45', 'a8a8fdbf-bfad-4c89-92a2-15b42096d4cc'),
(368, '2019-10-16 13:03:45', '88653ccd-bf3b-4db3-b761-dc7a97c70b2a'),
(369, '2019-10-30 13:03:45', '88653ccd-bf3b-4db3-b761-dc7a97c70b2a'),
(370, '2019-11-13 13:03:45', '88653ccd-bf3b-4db3-b761-dc7a97c70b2a'),
(371, '2019-11-15 13:03:45', '88653ccd-bf3b-4db3-b761-dc7a97c70b2a'),
(372, '2019-11-21 13:03:45', '88653ccd-bf3b-4db3-b761-dc7a97c70b2a'),
(373, '2019-11-26 13:03:45', '88653ccd-bf3b-4db3-b761-dc7a97c70b2a'),
(374, '2019-08-02 13:03:45', '36516717-6ff4-49ea-8faa-922082cdb659'),
(375, '2019-09-03 13:03:45', '36516717-6ff4-49ea-8faa-922082cdb659'),
(376, '2019-10-08 13:03:45', '36516717-6ff4-49ea-8faa-922082cdb659'),
(377, '2019-10-11 13:03:45', '36516717-6ff4-49ea-8faa-922082cdb659'),
(378, '2019-10-29 13:03:45', '36516717-6ff4-49ea-8faa-922082cdb659'),
(379, '2019-11-07 13:03:45', '36516717-6ff4-49ea-8faa-922082cdb659'),
(380, '2019-11-13 13:03:45', '36516717-6ff4-49ea-8faa-922082cdb659'),
(381, '2019-11-25 13:03:45', '36516717-6ff4-49ea-8faa-922082cdb659'),
(382, '2019-10-22 13:03:45', '42693249-3918-4d36-ab61-0d8f2c8733ee'),
(383, '2019-11-12 13:03:45', '42693249-3918-4d36-ab61-0d8f2c8733ee'),
(384, '2019-11-13 13:03:45', '42693249-3918-4d36-ab61-0d8f2c8733ee'),
(385, '2019-11-25 13:03:45', '42693249-3918-4d36-ab61-0d8f2c8733ee'),
(386, '2019-11-26 13:03:45', '42693249-3918-4d36-ab61-0d8f2c8733ee'),
(387, '2019-11-27 13:03:45', '42693249-3918-4d36-ab61-0d8f2c8733ee'),
(388, '2019-11-28 13:03:45', '42693249-3918-4d36-ab61-0d8f2c8733ee'),
(389, '2019-11-29 13:03:45', '42693249-3918-4d36-ab61-0d8f2c8733ee'),
(390, '2019-10-24 13:03:45', '1570b631-9a20-4f3d-8491-9cb61bbb3b3c'),
(391, '2019-10-28 13:03:45', '1570b631-9a20-4f3d-8491-9cb61bbb3b3c'),
(392, '2019-09-20 13:03:45', '6065663c-c5d0-4fdd-bd2a-aed0bf174d19'),
(393, '2019-10-03 13:03:45', '6065663c-c5d0-4fdd-bd2a-aed0bf174d19'),
(394, '2019-10-04 13:03:45', '6065663c-c5d0-4fdd-bd2a-aed0bf174d19'),
(395, '2019-10-07 13:03:45', '6065663c-c5d0-4fdd-bd2a-aed0bf174d19'),
(396, '2019-10-08 13:03:45', '6065663c-c5d0-4fdd-bd2a-aed0bf174d19'),
(397, '2019-10-24 13:03:45', '6065663c-c5d0-4fdd-bd2a-aed0bf174d19'),
(398, '2019-09-17 13:03:45', '513fae8c-7132-44d5-bb24-2a13e1724847'),
(399, '2019-11-28 13:03:45', '513fae8c-7132-44d5-bb24-2a13e1724847'),
(400, '2019-09-16 13:03:45', '3f83b1ab-627b-4ab9-bda8-f56a5c861de3'),
(401, '2019-09-19 13:03:45', '3f83b1ab-627b-4ab9-bda8-f56a5c861de3'),
(402, '2019-10-21 13:03:45', '3f83b1ab-627b-4ab9-bda8-f56a5c861de3'),
(403, '2019-11-13 13:03:45', '3f83b1ab-627b-4ab9-bda8-f56a5c861de3'),
(404, '2019-11-27 13:03:45', '3f83b1ab-627b-4ab9-bda8-f56a5c861de3'),
(405, '2019-11-22 13:03:46', 'bc945fc7-9775-4267-91cf-fbf7459ebe45'),
(406, '2019-11-20 13:03:46', '25fdae9c-b55e-4e2a-b48a-f3033a3ff94c'),
(407, '2019-11-25 13:03:46', '25fdae9c-b55e-4e2a-b48a-f3033a3ff94c'),
(408, '2019-11-27 13:03:46', '25fdae9c-b55e-4e2a-b48a-f3033a3ff94c'),
(409, '2019-09-19 13:03:46', '43189d31-59e1-4296-9e43-02a010195583'),
(410, '2019-09-27 13:03:46', '43189d31-59e1-4296-9e43-02a010195583'),
(411, '2019-10-01 13:03:46', '43189d31-59e1-4296-9e43-02a010195583'),
(412, '2019-10-09 13:03:46', '43189d31-59e1-4296-9e43-02a010195583'),
(413, '2019-10-15 13:03:46', '43189d31-59e1-4296-9e43-02a010195583'),
(414, '2019-10-21 13:03:46', '43189d31-59e1-4296-9e43-02a010195583'),
(415, '2019-10-30 13:03:46', '43189d31-59e1-4296-9e43-02a010195583'),
(416, '2019-11-07 13:03:46', '43189d31-59e1-4296-9e43-02a010195583'),
(417, '2019-11-08 13:03:46', '43189d31-59e1-4296-9e43-02a010195583'),
(418, '2019-10-10 13:03:46', '29822fe4-4a1f-4d59-841f-9b3e387780e6'),
(419, '2019-10-15 13:03:46', '29822fe4-4a1f-4d59-841f-9b3e387780e6'),
(420, '2019-11-12 13:03:46', '29822fe4-4a1f-4d59-841f-9b3e387780e6'),
(421, '2019-11-27 13:03:46', '29822fe4-4a1f-4d59-841f-9b3e387780e6'),
(422, '2019-11-28 13:03:46', '29822fe4-4a1f-4d59-841f-9b3e387780e6'),
(423, '2019-11-29 13:03:46', '29822fe4-4a1f-4d59-841f-9b3e387780e6'),
(424, '2019-11-14 13:03:46', '5198f8a1-4ff0-4d35-bdd1-eea0d3371fa7'),
(425, '2019-11-15 13:03:46', '5198f8a1-4ff0-4d35-bdd1-eea0d3371fa7'),
(426, '2019-10-14 13:03:46', '738a1bcf-909e-4a28-9bbc-a46f1c68670a'),
(427, '2019-10-15 13:03:46', '738a1bcf-909e-4a28-9bbc-a46f1c68670a'),
(428, '2019-10-29 13:03:46', '738a1bcf-909e-4a28-9bbc-a46f1c68670a'),
(429, '2019-11-06 13:03:46', '738a1bcf-909e-4a28-9bbc-a46f1c68670a'),
(430, '2019-11-19 13:03:46', '738a1bcf-909e-4a28-9bbc-a46f1c68670a'),
(431, '2019-09-20 13:03:46', 'd456e598-62af-4a5d-b162-1ec72bb627be'),
(432, '2019-09-25 13:03:46', 'd456e598-62af-4a5d-b162-1ec72bb627be'),
(433, '2019-11-15 13:03:46', 'd456e598-62af-4a5d-b162-1ec72bb627be'),
(434, '2019-11-22 13:03:46', 'd456e598-62af-4a5d-b162-1ec72bb627be'),
(435, '2019-09-18 13:03:46', '5f79b1e9-23cc-409c-994d-b1d81fa3ba25'),
(436, '2019-09-30 13:03:46', '5f79b1e9-23cc-409c-994d-b1d81fa3ba25'),
(437, '2019-10-11 13:03:46', '5f79b1e9-23cc-409c-994d-b1d81fa3ba25'),
(438, '2019-10-30 13:03:46', '5f79b1e9-23cc-409c-994d-b1d81fa3ba25'),
(439, '2019-11-18 13:03:46', '5f79b1e9-23cc-409c-994d-b1d81fa3ba25'),
(440, '2019-10-17 13:03:46', 'f02f450f-61b7-4bad-9fff-91435da170a7');

--
-- Volcado de datos para la tabla `course`
--

INSERT INTO `course` (`id`, `begin_date`, `end_date`, `itinerary_id`, `student_id`, `teacher_id`) VALUES
(1, '2019-09-26 13:02:52', NULL, 1, '58a55a41-04cc-4007-a322-e7bb969e626b', NULL),
(2, NULL, NULL, 1, 'f96e7848-8888-4ac4-b3da-504817010422', NULL),
(3, '2019-09-25 13:02:53', NULL, 4, '5df37bb1-a69b-4fa7-8acf-258e350b052b', 'a235257d-0d35-4bd2-be35-a1f58c4b7f39'),
(4, '2019-09-18 13:02:53', NULL, 1, 'd071ef65-b22f-4d1f-8564-0ba3c710a6b8', NULL),
(5, '2019-02-25 13:02:53', '2019-04-18 13:02:53', 1, '80dd2ad9-55b1-4682-9945-72caf27d0a38', NULL),
(6, '2019-10-16 13:02:53', NULL, 1, '1cdbe0ea-3847-4572-a32c-8871525eecd4', NULL),
(7, '2019-10-28 13:02:53', NULL, 1, '726eb12c-e90e-427c-9855-596a9d8eef18', NULL),
(8, NULL, NULL, 1, '6e789f36-85c2-45db-a8fc-73822a6584a4', NULL),
(9, '2019-10-28 13:02:53', NULL, 1, '9524b819-7dca-40a9-9a18-6512b504a6a5', NULL),
(10, '2019-09-16 13:02:53', NULL, 4, '73dc665d-6021-4d32-8c3d-7a1e86a9a7b2', 'a235257d-0d35-4bd2-be35-a1f58c4b7f39'),
(11, '2019-10-07 13:02:53', NULL, 4, 'c1d4178c-2fb0-435e-a114-3c0f462913fb', 'a235257d-0d35-4bd2-be35-a1f58c4b7f39'),
(12, '2019-12-04 13:02:54', NULL, 1, '903a6871-dde0-42fe-9163-1eaab799a712', NULL),
(13, '2019-09-18 13:02:54', NULL, 4, 'b1c8182b-d0e7-4922-9a33-273b3f6cfaf1', 'a235257d-0d35-4bd2-be35-a1f58c4b7f39'),
(14, '2019-09-18 13:02:54', NULL, 4, 'dab3074c-2bc3-4c8c-a153-a2c83b01c07f', 'a235257d-0d35-4bd2-be35-a1f58c4b7f39'),
(15, '2019-11-11 13:02:54', NULL, 1, 'd19f5599-7802-4847-a0b8-a8c6fdd99c0b', NULL),
(16, '2019-09-26 13:02:54', NULL, 1, '7b4e3bf6-5102-4ef0-b816-3b7025c3c136', NULL),
(17, '2019-09-30 13:02:54', NULL, 1, '90165c98-ed8f-452d-a06c-425e642162d5', NULL),
(18, '2019-09-25 13:02:54', NULL, 4, '0e21edc3-eea0-43b4-90fa-eb29211f2b79', 'a235257d-0d35-4bd2-be35-a1f58c4b7f39'),
(19, NULL, NULL, 1, '69800270-5015-4098-b356-2b84cf5b575a', NULL),
(20, '2019-09-03 13:02:55', NULL, 2, '188a6161-be3b-463e-ab33-230d821eb71e', '6bc65f11-887c-4a92-88d1-a536c7c5c5dc'),
(21, '2019-07-08 13:02:55', NULL, 2, '5ea61a77-2d0d-4591-992e-6808d7993eeb', '6bc65f11-887c-4a92-88d1-a536c7c5c5dc'),
(22, '2019-07-23 13:02:55', NULL, 2, '2c3a3358-9b7e-443a-8def-fa40d5fda3a0', '6bc65f11-887c-4a92-88d1-a536c7c5c5dc'),
(23, '2019-12-09 13:02:55', NULL, 1, 'a86ae2f5-6231-4247-b14f-1f36e1364b08', NULL),
(24, '2019-09-30 13:02:55', NULL, 2, 'dd339b30-6bfc-4de6-80ce-3b5fdf77689d', '6bc65f11-887c-4a92-88d1-a536c7c5c5dc'),
(25, '2019-10-16 13:02:55', NULL, 1, '0f09d7aa-be83-4afd-8e40-0c717bc72a12', NULL),
(26, '2019-07-15 13:02:55', NULL, 2, 'b5be7ff3-55d2-4899-b59a-795271ae0ba7', '6bc65f11-887c-4a92-88d1-a536c7c5c5dc'),
(27, NULL, NULL, 1, '5427a2b0-497e-4408-9c4f-46709841176b', NULL),
(28, '2019-11-27 13:02:56', NULL, 1, 'd659242b-8251-4e3e-96a0-03b1db52d4d4', NULL),
(29, '2019-07-24 13:02:56', NULL, 1, '095befbd-63d6-4a64-af4f-4bde94ebe030', NULL),
(30, '2019-09-17 13:02:56', NULL, 2, '5130ad94-8275-45eb-a5a2-1db95cc922ba', '6bc65f11-887c-4a92-88d1-a536c7c5c5dc'),
(31, '2019-07-01 13:02:56', NULL, 2, '196ea5ba-67cb-4187-813e-1af1b59f0cd1', '6bc65f11-887c-4a92-88d1-a536c7c5c5dc'),
(32, '2019-09-16 13:02:56', NULL, 2, '516ff34a-93df-49b5-9258-2b473931aaf7', '6bc65f11-887c-4a92-88d1-a536c7c5c5dc'),
(33, '2019-09-26 13:02:56', NULL, 3, '030027e8-3bd2-431d-b57b-2f3b60aed01b', '0fbe5084-5482-4b62-a16d-c1b15c4b5d0d'),
(34, '2019-10-14 13:02:57', NULL, 2, 'efe2ed25-7478-47c5-8412-b9d555c378c4', '6bc65f11-887c-4a92-88d1-a536c7c5c5dc'),
(35, '2019-10-30 13:02:57', NULL, 3, 'f8b08eef-46d3-4fe1-818c-07efe128f58a', '0fbe5084-5482-4b62-a16d-c1b15c4b5d0d'),
(36, '2019-10-30 13:02:57', NULL, 3, 'd5d0e440-33bd-4c5a-8d62-5596a08a0273', '0fbe5084-5482-4b62-a16d-c1b15c4b5d0d'),
(37, '2019-09-25 13:02:57', NULL, 2, '84dab97e-2174-455b-8dc2-1cdd5ff39af1', '6bc65f11-887c-4a92-88d1-a536c7c5c5dc'),
(38, '2019-12-09 13:02:57', NULL, 1, '16f45c6e-4049-4a52-85ae-b5714e5f5bb8', NULL),
(39, '2019-10-28 13:02:57', NULL, 1, '77bceb27-14b0-49e6-ad1d-66f2d7541a0c', NULL),
(40, '2019-10-01 13:02:57', NULL, 3, '956fe4ea-f06d-44e2-81c9-22998581dc1e', '0fbe5084-5482-4b62-a16d-c1b15c4b5d0d'),
(41, '2019-09-30 13:02:57', NULL, 3, 'a8a8fdbf-bfad-4c89-92a2-15b42096d4cc', '0fbe5084-5482-4b62-a16d-c1b15c4b5d0d'),
(42, '2019-10-07 13:02:57', NULL, 3, '88653ccd-bf3b-4db3-b761-dc7a97c70b2a', '0fbe5084-5482-4b62-a16d-c1b15c4b5d0d'),
(43, '2019-12-09 13:02:57', NULL, 1, '8653f55e-1844-4030-b957-6059d0c0a880', NULL),
(44, '2019-07-08 13:02:57', NULL, 1, '36516717-6ff4-49ea-8faa-922082cdb659', NULL),
(45, '2019-10-21 13:02:58', NULL, 1, '42693249-3918-4d36-ab61-0d8f2c8733ee', NULL),
(46, '2019-09-19 13:02:58', NULL, 3, '1570b631-9a20-4f3d-8491-9cb61bbb3b3c', '0fbe5084-5482-4b62-a16d-c1b15c4b5d0d'),
(47, '2019-09-05 13:02:58', NULL, 2, '6065663c-c5d0-4fdd-bd2a-aed0bf174d19', '6bc65f11-887c-4a92-88d1-a536c7c5c5dc'),
(48, '2019-07-24 13:02:58', NULL, 2, '513fae8c-7132-44d5-bb24-2a13e1724847', '6bc65f11-887c-4a92-88d1-a536c7c5c5dc'),
(49, '2019-09-03 13:02:58', NULL, 2, '3f83b1ab-627b-4ab9-bda8-f56a5c861de3', '6bc65f11-887c-4a92-88d1-a536c7c5c5dc'),
(50, '2019-10-28 13:02:58', NULL, 1, 'bc945fc7-9775-4267-91cf-fbf7459ebe45', NULL),
(51, '2019-11-18 13:02:58', NULL, 1, '25fdae9c-b55e-4e2a-b48a-f3033a3ff94c', NULL),
(52, '2019-09-17 13:02:59', NULL, 3, '43189d31-59e1-4296-9e43-02a010195583', '0fbe5084-5482-4b62-a16d-c1b15c4b5d0d'),
(53, '2019-09-30 13:02:59', NULL, 3, '29822fe4-4a1f-4d59-841f-9b3e387780e6', '0fbe5084-5482-4b62-a16d-c1b15c4b5d0d'),
(54, '2019-10-21 13:02:59', NULL, 3, '5198f8a1-4ff0-4d35-bdd1-eea0d3371fa7', '0fbe5084-5482-4b62-a16d-c1b15c4b5d0d'),
(55, '2019-10-16 13:02:59', NULL, 3, '738a1bcf-909e-4a28-9bbc-a46f1c68670a', '0fbe5084-5482-4b62-a16d-c1b15c4b5d0d'),
(56, '2019-07-10 13:02:59', NULL, 3, 'd456e598-62af-4a5d-b162-1ec72bb627be', '0fbe5084-5482-4b62-a16d-c1b15c4b5d0d'),
(57, '2019-09-17 13:02:59', NULL, 3, '5f79b1e9-23cc-409c-994d-b1d81fa3ba25', '0fbe5084-5482-4b62-a16d-c1b15c4b5d0d'),
(58, '2019-07-03 13:02:59', NULL, 3, 'f02f450f-61b7-4bad-9fff-91435da170a7', '0fbe5084-5482-4b62-a16d-c1b15c4b5d0d');




--
-- Volcado de datos para la tabla `user_exercise`
--

INSERT INTO `user_exercise` (`id`, `comments`, `date_status`, `exercise_id`, `status_exercise_id`, `student_id`, `teacher_id`) VALUES
(1, 'Imported Automatically', '2019-10-17 00:00:00', 6, 5, '095befbd-63d6-4a64-af4f-4bde94ebe030', NULL),
(2, 'Imported Automatically', '2019-10-28 00:00:00', 7, 5, '095befbd-63d6-4a64-af4f-4bde94ebe030', NULL),
(3, 'Imported Automatically', '2019-10-14 00:00:00', 6, 5, '6065663c-c5d0-4fdd-bd2a-aed0bf174d19', NULL),
(4, 'Imported Automatically', '2019-10-22 00:00:00', 7, 5, '6065663c-c5d0-4fdd-bd2a-aed0bf174d19', NULL),
(5, 'Imported Automatically', '2019-10-17 00:00:00', 7, 5, '5f79b1e9-23cc-409c-994d-b1d81fa3ba25', NULL),
(6, 'Imported Automatically', '2019-10-07 00:00:00', 6, 5, '43189d31-59e1-4296-9e43-02a010195583', NULL),
(7, 'Imported Automatically', '2019-10-07 00:00:00', 7, 5, '43189d31-59e1-4296-9e43-02a010195583', NULL),
(8, 'Imported Automatically', '2019-10-01 00:00:00', 5, 5, '1570b631-9a20-4f3d-8491-9cb61bbb3b3c', NULL),
(9, 'Imported Automatically', '2019-10-01 00:00:00', 6, 5, '1570b631-9a20-4f3d-8491-9cb61bbb3b3c', NULL),
(10, 'Imported Automatically', '2019-10-01 00:00:00', 7, 5, '1570b631-9a20-4f3d-8491-9cb61bbb3b3c', NULL),
(11, 'Imported Automatically', '2019-11-18 00:00:00', 5, 5, '84dab97e-2174-455b-8dc2-1cdd5ff39af1', NULL),
(12, 'Imported Automatically', '2019-11-18 00:00:00', 6, 5, '84dab97e-2174-455b-8dc2-1cdd5ff39af1', NULL),
(13, 'Imported Automatically', '2019-10-10 00:00:00', 6, 5, 'dd339b30-6bfc-4de6-80ce-3b5fdf77689d', NULL),
(14, 'Imported Automatically', '2019-10-10 00:00:00', 7, 5, 'dd339b30-6bfc-4de6-80ce-3b5fdf77689d', NULL),
(15, 'Imported Automatically', '2019-10-23 00:00:00', 5, 5, NULL, NULL),
(16, 'Imported Automatically', '2019-10-23 00:00:00', 6, 5, NULL, NULL),
(17, 'Imported Automatically', '2019-10-22 00:00:00', 6, 5, '29822fe4-4a1f-4d59-841f-9b3e387780e6', NULL),
(18, 'Imported Automatically', '2019-10-28 00:00:00', 7, 5, '29822fe4-4a1f-4d59-841f-9b3e387780e6', NULL),
(19, 'Imported Automatically', '2019-11-14 00:00:00', 5, 5, '956fe4ea-f06d-44e2-81c9-22998581dc1e', NULL),
(20, 'Imported Automatically', '2019-11-18 00:00:00', 6, 5, '956fe4ea-f06d-44e2-81c9-22998581dc1e', NULL),
(21, 'Imported Automatically', '2019-11-28 00:00:00', 7, 5, '956fe4ea-f06d-44e2-81c9-22998581dc1e', NULL),
(22, 'Imported Automatically', '2019-11-25 00:00:00', 5, 5, '88653ccd-bf3b-4db3-b761-dc7a97c70b2a', NULL),
(23, 'Imported Automatically', '2019-10-22 00:00:00', 5, 5, 'efe2ed25-7478-47c5-8412-b9d555c378c4', NULL),
(24, 'Imported Automatically', '2019-11-25 00:00:00', 6, 5, 'efe2ed25-7478-47c5-8412-b9d555c378c4', NULL),
(25, 'Imported Automatically', '2019-10-22 00:00:00', 5, 5, '0f09d7aa-be83-4afd-8e40-0c717bc72a12', NULL),
(26, 'Imported Automatically', '2019-10-29 00:00:00', 6, 5, '0f09d7aa-be83-4afd-8e40-0c717bc72a12', NULL),
(27, 'Imported Automatically', '2019-10-28 13:03:04', 11, 5, '0f09d7aa-be83-4afd-8e40-0c717bc72a12', NULL),
(28, 'Imported Automatically', '2019-10-23 00:00:00', 5, 5, '738a1bcf-909e-4a28-9bbc-a46f1c68670a', NULL),
(29, 'Imported Automatically', '2019-10-29 13:03:04', 11, 5, '738a1bcf-909e-4a28-9bbc-a46f1c68670a', NULL),
(30, 'Imported Automatically', '2019-10-29 00:00:00', 5, 5, '5198f8a1-4ff0-4d35-bdd1-eea0d3371fa7', NULL),
(31, 'Imported Automatically', '2019-10-19 00:00:00', 6, 5, '5198f8a1-4ff0-4d35-bdd1-eea0d3371fa7', NULL),
(32, 'Imported Automatically', '2019-10-19 00:00:00', 7, 5, '5198f8a1-4ff0-4d35-bdd1-eea0d3371fa7', NULL),
(33, 'Imported Automatically', '2019-11-09 00:00:00', 5, 5, '77bceb27-14b0-49e6-ad1d-66f2d7541a0c', NULL),
(34, 'Imported Automatically', '2019-11-12 00:00:00', 6, 5, '77bceb27-14b0-49e6-ad1d-66f2d7541a0c', NULL),
(35, 'Imported Automatically', '2019-11-14 00:00:00', 7, 5, '77bceb27-14b0-49e6-ad1d-66f2d7541a0c', NULL),
(36, 'Imported Automatically', '2019-11-21 00:00:00', 7, 5, NULL, NULL),
(37, 'Imported Automatically', '2019-11-11 00:00:00', 5, 5, 'bc945fc7-9775-4267-91cf-fbf7459ebe45', NULL),
(38, 'Imported Automatically', '2019-11-04 00:00:00', 5, 5, 'd5d0e440-33bd-4c5a-8d62-5596a08a0273', NULL),
(39, 'Imported Automatically', '2019-11-14 00:00:00', 6, 5, 'd5d0e440-33bd-4c5a-8d62-5596a08a0273', NULL),
(40, 'Imported Automatically', '2019-11-14 00:00:00', 7, 5, 'd5d0e440-33bd-4c5a-8d62-5596a08a0273', NULL),
(41, 'Imported Automatically', '2019-11-14 13:03:05', 11, 5, 'd5d0e440-33bd-4c5a-8d62-5596a08a0273', NULL),
(42, 'Imported Automatically', '2019-11-19 00:00:00', 7, 5, 'f8b08eef-46d3-4fe1-818c-07efe128f58a', NULL),
(43, 'Imported Automatically', '2019-11-14 13:03:05', 11, 5, 'f8b08eef-46d3-4fe1-818c-07efe128f58a', NULL),
(44, 'Imported Automatically', '2019-09-10 00:00:00', 24, 5, NULL, '6bc65f11-887c-4a92-88d1-a536c7c5c5dc'),
(45, 'Imported Automatically', '2019-10-01 00:00:00', 23, 5, NULL, '6bc65f11-887c-4a92-88d1-a536c7c5c5dc'),
(46, 'Imported Automatically', '2019-10-21 00:00:00', 25, 5, NULL, '6bc65f11-887c-4a92-88d1-a536c7c5c5dc'),
(47, 'Imported Automatically', '2019-11-13 00:00:00', 27, 5, NULL, '6bc65f11-887c-4a92-88d1-a536c7c5c5dc'),
(48, 'Imported Automatically', '2019-10-29 00:00:00', 28, 5, NULL, '6bc65f11-887c-4a92-88d1-a536c7c5c5dc'),
(49, 'Imported Automatically', '2019-10-10 00:00:00', 22, 5, '513fae8c-7132-44d5-bb24-2a13e1724847', '6bc65f11-887c-4a92-88d1-a536c7c5c5dc'),
(50, 'Imported Automatically', '2019-10-21 00:00:00', 23, 5, '513fae8c-7132-44d5-bb24-2a13e1724847', '6bc65f11-887c-4a92-88d1-a536c7c5c5dc'),
(51, 'Imported Automatically', '2019-10-22 00:00:00', 24, 5, '513fae8c-7132-44d5-bb24-2a13e1724847', '6bc65f11-887c-4a92-88d1-a536c7c5c5dc'),
(52, 'Imported Automatically', '2019-11-12 00:00:00', 25, 5, '513fae8c-7132-44d5-bb24-2a13e1724847', '6bc65f11-887c-4a92-88d1-a536c7c5c5dc'),
(53, 'Imported Automatically', '2019-11-12 00:00:00', 27, 5, '513fae8c-7132-44d5-bb24-2a13e1724847', '6bc65f11-887c-4a92-88d1-a536c7c5c5dc'),
(54, 'Imported Automatically', '2019-11-13 00:00:00', 28, 5, '513fae8c-7132-44d5-bb24-2a13e1724847', '6bc65f11-887c-4a92-88d1-a536c7c5c5dc'),
(55, 'Imported Automatically', '2019-11-01 00:00:00', 20, 5, '188a6161-be3b-463e-ab33-230d821eb71e', '6bc65f11-887c-4a92-88d1-a536c7c5c5dc'),
(56, 'Imported Automatically', '2019-11-11 00:00:00', 21, 5, '188a6161-be3b-463e-ab33-230d821eb71e', '6bc65f11-887c-4a92-88d1-a536c7c5c5dc'),
(57, 'Imported Automatically', '2019-11-11 00:00:00', 22, 5, '188a6161-be3b-463e-ab33-230d821eb71e', '6bc65f11-887c-4a92-88d1-a536c7c5c5dc'),
(58, 'Imported Automatically', '2019-11-13 00:00:00', 23, 5, '188a6161-be3b-463e-ab33-230d821eb71e', '6bc65f11-887c-4a92-88d1-a536c7c5c5dc'),
(59, 'Imported Automatically', '2019-11-18 00:00:00', 24, 5, '188a6161-be3b-463e-ab33-230d821eb71e', '6bc65f11-887c-4a92-88d1-a536c7c5c5dc'),
(60, 'Imported Automatically', '2019-11-14 00:00:00', 21, 5, '3f83b1ab-627b-4ab9-bda8-f56a5c861de3', '6bc65f11-887c-4a92-88d1-a536c7c5c5dc'),
(61, 'Imported Automatically', '2019-11-14 00:00:00', 22, 5, '3f83b1ab-627b-4ab9-bda8-f56a5c861de3', '6bc65f11-887c-4a92-88d1-a536c7c5c5dc'),
(62, 'Imported Automatically', '2019-11-25 00:00:00', 24, 5, '3f83b1ab-627b-4ab9-bda8-f56a5c861de3', '6bc65f11-887c-4a92-88d1-a536c7c5c5dc'),
(63, 'Imported Automatically', '2019-10-21 00:00:00', 20, 5, '516ff34a-93df-49b5-9258-2b473931aaf7', '6bc65f11-887c-4a92-88d1-a536c7c5c5dc'),
(64, 'Imported Automatically', '2019-10-29 00:00:00', 21, 5, '516ff34a-93df-49b5-9258-2b473931aaf7', '6bc65f11-887c-4a92-88d1-a536c7c5c5dc'),
(65, 'Imported Automatically', '2019-11-12 00:00:00', 22, 5, '516ff34a-93df-49b5-9258-2b473931aaf7', '6bc65f11-887c-4a92-88d1-a536c7c5c5dc'),
(66, 'Imported Automatically', '2019-11-28 00:00:00', 24, 5, '516ff34a-93df-49b5-9258-2b473931aaf7', '6bc65f11-887c-4a92-88d1-a536c7c5c5dc'),
(67, 'Imported Automatically', '2019-10-11 00:00:00', 21, 5, NULL, '6bc65f11-887c-4a92-88d1-a536c7c5c5dc'),
(68, 'Imported Automatically', '2019-10-15 00:00:00', 21, 5, '5ea61a77-2d0d-4591-992e-6808d7993eeb', '6bc65f11-887c-4a92-88d1-a536c7c5c5dc'),
(69, 'Imported Automatically', '2019-10-28 00:00:00', 22, 5, '5ea61a77-2d0d-4591-992e-6808d7993eeb', '6bc65f11-887c-4a92-88d1-a536c7c5c5dc'),
(70, 'Imported Automatically', '2019-11-12 00:00:00', 24, 5, '5ea61a77-2d0d-4591-992e-6808d7993eeb', '6bc65f11-887c-4a92-88d1-a536c7c5c5dc'),
(71, 'Imported Automatically', '2019-11-29 00:00:00', 25, 5, '5ea61a77-2d0d-4591-992e-6808d7993eeb', '6bc65f11-887c-4a92-88d1-a536c7c5c5dc'),
(72, 'Imported Automatically', '2019-10-11 00:00:00', 16, 5, 'dd339b30-6bfc-4de6-80ce-3b5fdf77689d', '6bc65f11-887c-4a92-88d1-a536c7c5c5dc'),
(73, 'Imported Automatically', '2019-10-30 00:00:00', 21, 5, 'dd339b30-6bfc-4de6-80ce-3b5fdf77689d', '6bc65f11-887c-4a92-88d1-a536c7c5c5dc'),
(74, 'Imported Automatically', '2019-11-12 00:00:00', 22, 5, 'dd339b30-6bfc-4de6-80ce-3b5fdf77689d', '6bc65f11-887c-4a92-88d1-a536c7c5c5dc'),
(75, 'Imported Automatically', '2019-11-14 00:00:00', 23, 5, 'dd339b30-6bfc-4de6-80ce-3b5fdf77689d', '6bc65f11-887c-4a92-88d1-a536c7c5c5dc'),
(76, 'Imported Automatically', '2019-11-18 00:00:00', 24, 5, 'dd339b30-6bfc-4de6-80ce-3b5fdf77689d', '6bc65f11-887c-4a92-88d1-a536c7c5c5dc'),
(77, 'Imported Automatically', '2019-11-28 00:00:00', 25, 5, 'dd339b30-6bfc-4de6-80ce-3b5fdf77689d', '6bc65f11-887c-4a92-88d1-a536c7c5c5dc'),
(78, 'Imported Automatically', '2019-10-21 00:00:00', 21, 5, '196ea5ba-67cb-4187-813e-1af1b59f0cd1', '6bc65f11-887c-4a92-88d1-a536c7c5c5dc'),
(79, 'Imported Automatically', '2019-10-28 00:00:00', 24, 5, '196ea5ba-67cb-4187-813e-1af1b59f0cd1', '6bc65f11-887c-4a92-88d1-a536c7c5c5dc'),
(80, 'Imported Automatically', '2019-11-22 00:00:00', 25, 5, '196ea5ba-67cb-4187-813e-1af1b59f0cd1', '6bc65f11-887c-4a92-88d1-a536c7c5c5dc'),
(81, 'Imported Automatically', '2019-10-25 00:00:00', 17, 5, '2c3a3358-9b7e-443a-8def-fa40d5fda3a0', '6bc65f11-887c-4a92-88d1-a536c7c5c5dc'),
(82, 'Imported Automatically', '2019-11-13 00:00:00', 20, 5, '2c3a3358-9b7e-443a-8def-fa40d5fda3a0', '6bc65f11-887c-4a92-88d1-a536c7c5c5dc'),
(83, 'Imported Automatically', '2019-11-26 00:00:00', 21, 5, '2c3a3358-9b7e-443a-8def-fa40d5fda3a0', '6bc65f11-887c-4a92-88d1-a536c7c5c5dc'),
(84, 'Imported Automatically', '2019-11-12 00:00:00', 16, 5, '5130ad94-8275-45eb-a5a2-1db95cc922ba', '6bc65f11-887c-4a92-88d1-a536c7c5c5dc'),
(85, 'Imported Automatically', '2019-11-12 00:00:00', 20, 5, '5130ad94-8275-45eb-a5a2-1db95cc922ba', '6bc65f11-887c-4a92-88d1-a536c7c5c5dc'),
(86, 'Imported Automatically', '2019-11-14 00:00:00', 21, 5, '5130ad94-8275-45eb-a5a2-1db95cc922ba', '6bc65f11-887c-4a92-88d1-a536c7c5c5dc'),
(87, 'Imported Automatically', '2019-11-14 00:00:00', 22, 5, '5130ad94-8275-45eb-a5a2-1db95cc922ba', '6bc65f11-887c-4a92-88d1-a536c7c5c5dc'),
(88, 'Imported Automatically', '2019-11-21 00:00:00', 23, 5, '5130ad94-8275-45eb-a5a2-1db95cc922ba', '6bc65f11-887c-4a92-88d1-a536c7c5c5dc'),
(89, 'Imported Automatically', '2019-11-29 00:00:00', 24, 5, '5130ad94-8275-45eb-a5a2-1db95cc922ba', '6bc65f11-887c-4a92-88d1-a536c7c5c5dc'),
(90, 'Imported Automatically', '2019-11-21 00:00:00', 22, 5, NULL, '6bc65f11-887c-4a92-88d1-a536c7c5c5dc'),
(91, 'Imported Automatically', '2019-11-18 00:00:00', 16, 5, '84dab97e-2174-455b-8dc2-1cdd5ff39af1', '6bc65f11-887c-4a92-88d1-a536c7c5c5dc'),
(92, 'Imported Automatically', '2019-11-18 00:00:00', 21, 5, '84dab97e-2174-455b-8dc2-1cdd5ff39af1', '6bc65f11-887c-4a92-88d1-a536c7c5c5dc'),
(93, 'Imported Automatically', '2019-11-18 00:00:00', 22, 5, '84dab97e-2174-455b-8dc2-1cdd5ff39af1', '6bc65f11-887c-4a92-88d1-a536c7c5c5dc'),
(94, 'Imported Automatically', '2019-11-25 00:00:00', 21, 5, 'efe2ed25-7478-47c5-8412-b9d555c378c4', '6bc65f11-887c-4a92-88d1-a536c7c5c5dc'),
(95, 'Imported Automatically', '2019-11-25 00:00:00', 22, 5, 'efe2ed25-7478-47c5-8412-b9d555c378c4', '6bc65f11-887c-4a92-88d1-a536c7c5c5dc'),
(96, 'Imported Automatically', '2019-11-19 00:00:00', 16, 5, '6065663c-c5d0-4fdd-bd2a-aed0bf174d19', '6bc65f11-887c-4a92-88d1-a536c7c5c5dc'),
(97, 'Imported Automatically', '2019-11-21 00:00:00', 17, 5, '6065663c-c5d0-4fdd-bd2a-aed0bf174d19', '6bc65f11-887c-4a92-88d1-a536c7c5c5dc'),
(98, 'Imported Automatically', '2019-11-28 00:00:00', 20, 5, '6065663c-c5d0-4fdd-bd2a-aed0bf174d19', '6bc65f11-887c-4a92-88d1-a536c7c5c5dc'),
(99, 'Imported Automatically', '2019-11-29 00:00:00', 21, 5, '6065663c-c5d0-4fdd-bd2a-aed0bf174d19', '6bc65f11-887c-4a92-88d1-a536c7c5c5dc'),
(100, 'Imported Automatically', '2019-07-15 00:00:00', 31, 5, NULL, '0fbe5084-5482-4b62-a16d-c1b15c4b5d0d'),
(101, 'Imported Automatically', '2019-09-17 00:00:00', 35, 5, NULL, '0fbe5084-5482-4b62-a16d-c1b15c4b5d0d'),
(102, 'Imported Automatically', '2019-11-19 00:00:00', 39, 5, NULL, '0fbe5084-5482-4b62-a16d-c1b15c4b5d0d'),
(103, 'Imported Automatically', '2019-11-19 00:00:00', 40, 5, NULL, '0fbe5084-5482-4b62-a16d-c1b15c4b5d0d'),
(104, 'Imported Automatically', '2019-09-16 00:00:00', 37, 5, NULL, '0fbe5084-5482-4b62-a16d-c1b15c4b5d0d'),
(105, 'Imported Automatically', '2019-10-30 00:00:00', 39, 5, '1570b631-9a20-4f3d-8491-9cb61bbb3b3c', '0fbe5084-5482-4b62-a16d-c1b15c4b5d0d'),
(106, 'Imported Automatically', '2019-11-18 00:00:00', 40, 5, '1570b631-9a20-4f3d-8491-9cb61bbb3b3c', '0fbe5084-5482-4b62-a16d-c1b15c4b5d0d'),
(107, 'Imported Automatically', '2019-11-18 00:00:00', 41, 5, '1570b631-9a20-4f3d-8491-9cb61bbb3b3c', '0fbe5084-5482-4b62-a16d-c1b15c4b5d0d'),
(108, 'Imported Automatically', '2019-11-18 00:00:00', 42, 5, '1570b631-9a20-4f3d-8491-9cb61bbb3b3c', '0fbe5084-5482-4b62-a16d-c1b15c4b5d0d'),
(109, 'Imported Automatically', '2019-11-28 00:00:00', 39, 5, '43189d31-59e1-4296-9e43-02a010195583', '0fbe5084-5482-4b62-a16d-c1b15c4b5d0d'),
(110, 'Imported Automatically', '2019-11-12 00:00:00', 36, 5, 'a8a8fdbf-bfad-4c89-92a2-15b42096d4cc', '0fbe5084-5482-4b62-a16d-c1b15c4b5d0d'),
(111, 'Imported Automatically', '2019-10-14 00:00:00', 45, 5, '73dc665d-6021-4d32-8c3d-7a1e86a9a7b2', 'a235257d-0d35-4bd2-be35-a1f58c4b7f39'),
(112, 'Imported Automatically', '2019-10-07 00:00:00', 44, 5, 'b1c8182b-d0e7-4922-9a33-273b3f6cfaf1', 'a235257d-0d35-4bd2-be35-a1f58c4b7f39'),
(113, 'Imported Automatically', '2019-10-09 00:00:00', 45, 5, 'b1c8182b-d0e7-4922-9a33-273b3f6cfaf1', 'a235257d-0d35-4bd2-be35-a1f58c4b7f39'),
(114, 'Imported Automatically', '2019-10-14 00:00:00', 46, 5, 'b1c8182b-d0e7-4922-9a33-273b3f6cfaf1', 'a235257d-0d35-4bd2-be35-a1f58c4b7f39'),
(115, 'Imported Automatically', '2019-10-07 00:00:00', 44, 5, 'dab3074c-2bc3-4c8c-a153-a2c83b01c07f', 'a235257d-0d35-4bd2-be35-a1f58c4b7f39'),
(116, 'Imported Automatically', '2019-10-08 00:00:00', 45, 5, 'dab3074c-2bc3-4c8c-a153-a2c83b01c07f', 'a235257d-0d35-4bd2-be35-a1f58c4b7f39'),
(117, 'Imported Automatically', '2019-10-13 00:00:00', 46, 5, 'dab3074c-2bc3-4c8c-a153-a2c83b01c07f', 'a235257d-0d35-4bd2-be35-a1f58c4b7f39'),
(118, 'Imported Automatically', '2019-10-17 00:00:00', 44, 5, '5df37bb1-a69b-4fa7-8acf-258e350b052b', 'a235257d-0d35-4bd2-be35-a1f58c4b7f39'),
(119, 'Imported Automatically', '2019-10-17 00:00:00', 45, 5, '5df37bb1-a69b-4fa7-8acf-258e350b052b', 'a235257d-0d35-4bd2-be35-a1f58c4b7f39'),
(120, 'Imported Automatically', '2019-10-17 00:00:00', 46, 5, '5df37bb1-a69b-4fa7-8acf-258e350b052b', 'a235257d-0d35-4bd2-be35-a1f58c4b7f39'),
(121, 'Imported Automatically', '2019-10-04 00:00:00', 44, 5, '0e21edc3-eea0-43b4-90fa-eb29211f2b79', 'a235257d-0d35-4bd2-be35-a1f58c4b7f39'),
(122, 'Imported Automatically', '2019-10-09 00:00:00', 45, 5, '0e21edc3-eea0-43b4-90fa-eb29211f2b79', 'a235257d-0d35-4bd2-be35-a1f58c4b7f39'),
(123, 'Imported Automatically', '2019-10-15 00:00:00', 46, 5, '0e21edc3-eea0-43b4-90fa-eb29211f2b79', 'a235257d-0d35-4bd2-be35-a1f58c4b7f39'),
(124, 'Imported Automatically', '2019-10-23 00:00:00', 44, 5, 'c1d4178c-2fb0-435e-a114-3c0f462913fb', 'a235257d-0d35-4bd2-be35-a1f58c4b7f39');
COMMIT;

/*!40101 SET CHARACTER_SET_CLIENT=@OLD_CHARACTER_SET_CLIENT */;
/*!40101 SET CHARACTER_SET_RESULTS=@OLD_CHARACTER_SET_RESULTS */;
/*!40101 SET COLLATION_CONNECTION=@OLD_COLLATION_CONNECTION */;
